id,firstname,lastname,email,email2,profession
100,Mildrid,Dorcy,Mildrid.Dorcy@yopmail.com,Mildrid.Dorcy@gmail.com,police officer
101,Brena,Roche,Brena.Roche@yopmail.com,Brena.Roche@gmail.com,worker
102,Emylee,Othilia,Emylee.Othilia@yopmail.com,Emylee.Othilia@gmail.com,police officer
103,Annice,Mendez,Annice.Mendez@yopmail.com,Annice.Mendez@gmail.com,worker
104,Cathie,Gaspard,Cathie.Gaspard@yopmail.com,Cathie.Gaspard@gmail.com,police officer
105,Keelia,Felecia,Keelia.Felecia@yopmail.com,Keelia.Felecia@gmail.com,firefighter
106,Hyacinthe,Zenas,Hyacinthe.Zenas@yopmail.com,Hyacinthe.Zenas@gmail.com,developer
107,Arabel,Ingra,Arabel.Ingra@yopmail.com,Arabel.Ingra@gmail.com,worker
108,Nerta,Ursulette,Nerta.Ursulette@yopmail.com,Nerta.Ursulette@gmail.com,firefighter
109,Tina,Tjon,Tina.Tjon@yopmail.com,Tina.Tjon@gmail.com,firefighter
110,Janey,Lilas,Janey.Lilas@yopmail.com,Janey.Lilas@gmail.com,worker
111,Rubie,Rheingold,Rubie.Rheingold@yopmail.com,Rubie.Rheingold@gmail.com,worker
112,Carmela,Lutero,Carmela.Lutero@yopmail.com,Carmela.Lutero@gmail.com,police officer
113,Ninnetta,Lymann,Ninnetta.Lymann@yopmail.com,Ninnetta.Lymann@gmail.com,developer
114,Joeann,Wind,Joeann.Wind@yopmail.com,Joeann.Wind@gmail.com,doctor
115,Marsiella,Alice,Marsiella.Alice@yopmail.com,Marsiella.Alice@gmail.com,firefighter
116,Shaine,Pond,Shaine.Pond@yopmail.com,Shaine.Pond@gmail.com,developer
117,Valeda,Reneta,Valeda.Reneta@yopmail.com,Valeda.Reneta@gmail.com,doctor
118,Gavrielle,Rustice,Gavrielle.Rustice@yopmail.com,Gavrielle.Rustice@gmail.com,firefighter
119,Aeriela,Ramona,Aeriela.Ramona@yopmail.com,Aeriela.Ramona@gmail.com,doctor
120,Jemie,Pearse,Jemie.Pearse@yopmail.com,Jemie.Pearse@gmail.com,worker
121,Ursulina,Hull,Ursulina.Hull@yopmail.com,Ursulina.Hull@gmail.com,police officer
122,Margalo,Durante,Margalo.Durante@yopmail.com,Margalo.Durante@gmail.com,police officer
123,Courtnay,Janith,Courtnay.Janith@yopmail.com,Courtnay.Janith@gmail.com,doctor
124,Mallory,Pozzy,Mallory.Pozzy@yopmail.com,Mallory.Pozzy@gmail.com,firefighter
125,Myriam,Raychel,Myriam.Raychel@yopmail.com,Myriam.Raychel@gmail.com,firefighter
126,Cindelyn,Quinn,Cindelyn.Quinn@yopmail.com,Cindelyn.Quinn@gmail.com,doctor
127,Deane,Rosalba,Deane.Rosalba@yopmail.com,Deane.Rosalba@gmail.com,firefighter
128,Annabela,Rossner,Annabela.Rossner@yopmail.com,Annabela.Rossner@gmail.com,developer
129,Bettine,Bebe,Bettine.Bebe@yopmail.com,Bettine.Bebe@gmail.com,developer
130,Margalo,Ephrem,Margalo.Ephrem@yopmail.com,Margalo.Ephrem@gmail.com,police officer
131,Meriel,Amethist,Meriel.Amethist@yopmail.com,Meriel.Amethist@gmail.com,developer
132,Adriana,Milson,Adriana.Milson@yopmail.com,Adriana.Milson@gmail.com,worker
133,Britte,Karna,Britte.Karna@yopmail.com,Britte.Karna@gmail.com,developer
134,Tera,Arquit,Tera.Arquit@yopmail.com,Tera.Arquit@gmail.com,developer
135,Neila,Screens,Neila.Screens@yopmail.com,Neila.Screens@gmail.com,worker
136,Tina,Nahum,Tina.Nahum@yopmail.com,Tina.Nahum@gmail.com,firefighter
137,Angela,Gusella,Angela.Gusella@yopmail.com,Angela.Gusella@gmail.com,police officer
138,Allis,Erskine,Allis.Erskine@yopmail.com,Allis.Erskine@gmail.com,doctor
139,Dede,Hertzfeld,Dede.Hertzfeld@yopmail.com,Dede.Hertzfeld@gmail.com,developer
140,Brietta,Swigart,Brietta.Swigart@yopmail.com,Brietta.Swigart@gmail.com,police officer
141,Mara,Brandice,Mara.Brandice@yopmail.com,Mara.Brandice@gmail.com,firefighter
142,Katleen,Birdella,Katleen.Birdella@yopmail.com,Katleen.Birdella@gmail.com,worker
143,Robbi,Autrey,Robbi.Autrey@yopmail.com,Robbi.Autrey@gmail.com,developer
144,Stacey,Stefa,Stacey.Stefa@yopmail.com,Stacey.Stefa@gmail.com,police officer
145,Starla,Brandice,Starla.Brandice@yopmail.com,Starla.Brandice@gmail.com,doctor
146,Quintina,Dannye,Quintina.Dannye@yopmail.com,Quintina.Dannye@gmail.com,police officer
147,Joy,McGrody,Joy.McGrody@yopmail.com,Joy.McGrody@gmail.com,developer
148,Angelique,Kalinda,Angelique.Kalinda@yopmail.com,Angelique.Kalinda@gmail.com,worker
149,Florencia,Marlie,Florencia.Marlie@yopmail.com,Florencia.Marlie@gmail.com,doctor
150,Queenie,Liva,Queenie.Liva@yopmail.com,Queenie.Liva@gmail.com,firefighter
151,Evaleen,Martguerita,Evaleen.Martguerita@yopmail.com,Evaleen.Martguerita@gmail.com,doctor
152,Deane,Ader,Deane.Ader@yopmail.com,Deane.Ader@gmail.com,worker
153,Helsa,Brodench,Helsa.Brodench@yopmail.com,Helsa.Brodench@gmail.com,developer
154,Libbie,Ogren,Libbie.Ogren@yopmail.com,Libbie.Ogren@gmail.com,firefighter
155,Corina,Bebe,Corina.Bebe@yopmail.com,Corina.Bebe@gmail.com,doctor
156,Joeann,Noelyn,Joeann.Noelyn@yopmail.com,Joeann.Noelyn@gmail.com,police officer
157,Valeda,Socha,Valeda.Socha@yopmail.com,Valeda.Socha@gmail.com,doctor
158,Jaime,Rustice,Jaime.Rustice@yopmail.com,Jaime.Rustice@gmail.com,doctor
159,Cyndie,Kesley,Cyndie.Kesley@yopmail.com,Cyndie.Kesley@gmail.com,doctor
160,Liana,Liebermann,Liana.Liebermann@yopmail.com,Liana.Liebermann@gmail.com,developer
161,Jemie,Denis,Jemie.Denis@yopmail.com,Jemie.Denis@gmail.com,doctor
162,Carol-Jean,Meter,Carol-Jean.Meter@yopmail.com,Carol-Jean.Meter@gmail.com,police officer
163,Dagmar,Kristi,Dagmar.Kristi@yopmail.com,Dagmar.Kristi@gmail.com,doctor
164,Esmeralda,Penelopa,Esmeralda.Penelopa@yopmail.com,Esmeralda.Penelopa@gmail.com,developer
165,Ottilie,Zenas,Ottilie.Zenas@yopmail.com,Ottilie.Zenas@gmail.com,firefighter
166,Lorne,Papageno,Lorne.Papageno@yopmail.com,Lorne.Papageno@gmail.com,doctor
167,Misha,Laurianne,Misha.Laurianne@yopmail.com,Misha.Laurianne@gmail.com,doctor
168,Rubie,Oneida,Rubie.Oneida@yopmail.com,Rubie.Oneida@gmail.com,firefighter
169,Annora,Fitzsimmons,Annora.Fitzsimmons@yopmail.com,Annora.Fitzsimmons@gmail.com,firefighter
170,Tabbatha,Sprage,Tabbatha.Sprage@yopmail.com,Tabbatha.Sprage@gmail.com,developer
171,Letizia,Olin,Letizia.Olin@yopmail.com,Letizia.Olin@gmail.com,firefighter
172,Carolina,Curren,Carolina.Curren@yopmail.com,Carolina.Curren@gmail.com,firefighter
173,Aurore,Hartnett,Aurore.Hartnett@yopmail.com,Aurore.Hartnett@gmail.com,developer
174,Christy,McClimans,Christy.McClimans@yopmail.com,Christy.McClimans@gmail.com,developer
175,Valeda,Blake,Valeda.Blake@yopmail.com,Valeda.Blake@gmail.com,police officer
176,Luci,Breed,Luci.Breed@yopmail.com,Luci.Breed@gmail.com,firefighter
177,Fanchon,Katrine,Fanchon.Katrine@yopmail.com,Fanchon.Katrine@gmail.com,firefighter
178,Liana,Carey,Liana.Carey@yopmail.com,Liana.Carey@gmail.com,police officer
179,Glynnis,Hurley,Glynnis.Hurley@yopmail.com,Glynnis.Hurley@gmail.com,police officer
180,Sindee,Matthew,Sindee.Matthew@yopmail.com,Sindee.Matthew@gmail.com,firefighter
181,Sidoney,Gert,Sidoney.Gert@yopmail.com,Sidoney.Gert@gmail.com,firefighter
182,Catrina,Muriel,Catrina.Muriel@yopmail.com,Catrina.Muriel@gmail.com,developer
183,Helsa,Dyche,Helsa.Dyche@yopmail.com,Helsa.Dyche@gmail.com,police officer
184,Nollie,Connelly,Nollie.Connelly@yopmail.com,Nollie.Connelly@gmail.com,firefighter
185,Ann-Marie,Wooster,Ann-Marie.Wooster@yopmail.com,Ann-Marie.Wooster@gmail.com,police officer
186,Priscilla,Dash,Priscilla.Dash@yopmail.com,Priscilla.Dash@gmail.com,police officer
187,Joceline,Ammann,Joceline.Ammann@yopmail.com,Joceline.Ammann@gmail.com,police officer
188,Wanda,Niccolo,Wanda.Niccolo@yopmail.com,Wanda.Niccolo@gmail.com,firefighter
189,Rayna,Redmond,Rayna.Redmond@yopmail.com,Rayna.Redmond@gmail.com,worker
190,Orelia,Palocz,Orelia.Palocz@yopmail.com,Orelia.Palocz@gmail.com,firefighter
191,Florie,Ummersen,Florie.Ummersen@yopmail.com,Florie.Ummersen@gmail.com,developer
192,Donnie,Maples,Donnie.Maples@yopmail.com,Donnie.Maples@gmail.com,police officer
193,Lindie,Cohdwell,Lindie.Cohdwell@yopmail.com,Lindie.Cohdwell@gmail.com,doctor
194,Aurore,Justinn,Aurore.Justinn@yopmail.com,Aurore.Justinn@gmail.com,developer
195,Candy,Audly,Candy.Audly@yopmail.com,Candy.Audly@gmail.com,developer
196,Mamie,Iphlgenia,Mamie.Iphlgenia@yopmail.com,Mamie.Iphlgenia@gmail.com,police officer
197,Estell,Lowry,Estell.Lowry@yopmail.com,Estell.Lowry@gmail.com,developer
198,Tiffie,Yusuk,Tiffie.Yusuk@yopmail.com,Tiffie.Yusuk@gmail.com,developer
199,Ivett,Lynn,Ivett.Lynn@yopmail.com,Ivett.Lynn@gmail.com,doctor
200,Melodie,Hortensia,Melodie.Hortensia@yopmail.com,Melodie.Hortensia@gmail.com,police officer
201,Ellette,Craggie,Ellette.Craggie@yopmail.com,Ellette.Craggie@gmail.com,police officer
202,Rubie,Gabrielli,Rubie.Gabrielli@yopmail.com,Rubie.Gabrielli@gmail.com,police officer
203,Sara-Ann,Goldina,Sara-Ann.Goldina@yopmail.com,Sara-Ann.Goldina@gmail.com,police officer
204,Shell,Kare,Shell.Kare@yopmail.com,Shell.Kare@gmail.com,worker
205,Kirbee,Maribeth,Kirbee.Maribeth@yopmail.com,Kirbee.Maribeth@gmail.com,firefighter
206,Yvonne,Urania,Yvonne.Urania@yopmail.com,Yvonne.Urania@gmail.com,firefighter
207,Dania,Baylor,Dania.Baylor@yopmail.com,Dania.Baylor@gmail.com,developer
208,Florie,Ader,Florie.Ader@yopmail.com,Florie.Ader@gmail.com,developer
209,Jacenta,Dielu,Jacenta.Dielu@yopmail.com,Jacenta.Dielu@gmail.com,doctor
210,Kimberley,Marijo,Kimberley.Marijo@yopmail.com,Kimberley.Marijo@gmail.com,developer
211,Arabel,Tjon,Arabel.Tjon@yopmail.com,Arabel.Tjon@gmail.com,worker
212,Yolane,Voletta,Yolane.Voletta@yopmail.com,Yolane.Voletta@gmail.com,doctor
213,Emma,Sothena,Emma.Sothena@yopmail.com,Emma.Sothena@gmail.com,police officer
214,Dulce,Casimir,Dulce.Casimir@yopmail.com,Dulce.Casimir@gmail.com,firefighter
215,Adele,Clywd,Adele.Clywd@yopmail.com,Adele.Clywd@gmail.com,firefighter
216,Celestyna,Felecia,Celestyna.Felecia@yopmail.com,Celestyna.Felecia@gmail.com,worker
217,Anallese,Ferrell,Anallese.Ferrell@yopmail.com,Anallese.Ferrell@gmail.com,doctor
218,Petronia,Vacuva,Petronia.Vacuva@yopmail.com,Petronia.Vacuva@gmail.com,doctor
219,Cherrita,Autrey,Cherrita.Autrey@yopmail.com,Cherrita.Autrey@gmail.com,police officer
220,Eolanda,Bates,Eolanda.Bates@yopmail.com,Eolanda.Bates@gmail.com,developer
221,Correy,Bebe,Correy.Bebe@yopmail.com,Correy.Bebe@gmail.com,firefighter
222,Emelina,Jethro,Emelina.Jethro@yopmail.com,Emelina.Jethro@gmail.com,worker
223,Lenna,Nedrud,Lenna.Nedrud@yopmail.com,Lenna.Nedrud@gmail.com,firefighter
224,Sandie,Baylor,Sandie.Baylor@yopmail.com,Sandie.Baylor@gmail.com,worker
225,Miquela,Lareena,Miquela.Lareena@yopmail.com,Miquela.Lareena@gmail.com,worker
226,Vere,Peonir,Vere.Peonir@yopmail.com,Vere.Peonir@gmail.com,developer
227,Dawn,Hylan,Dawn.Hylan@yopmail.com,Dawn.Hylan@gmail.com,firefighter
228,Karly,Niccolo,Karly.Niccolo@yopmail.com,Karly.Niccolo@gmail.com,police officer
229,Frank,Tarrant,Frank.Tarrant@yopmail.com,Frank.Tarrant@gmail.com,police officer
230,Sashenka,Tamsky,Sashenka.Tamsky@yopmail.com,Sashenka.Tamsky@gmail.com,developer
231,Jan,Khorma,Jan.Khorma@yopmail.com,Jan.Khorma@gmail.com,firefighter
232,Caressa,Garek,Caressa.Garek@yopmail.com,Caressa.Garek@gmail.com,doctor
233,Farrah,Bennie,Farrah.Bennie@yopmail.com,Farrah.Bennie@gmail.com,firefighter
234,Ariela,Martguerita,Ariela.Martguerita@yopmail.com,Ariela.Martguerita@gmail.com,police officer
235,Verla,Tengdin,Verla.Tengdin@yopmail.com,Verla.Tengdin@gmail.com,police officer
236,Sandie,Erlandson,Sandie.Erlandson@yopmail.com,Sandie.Erlandson@gmail.com,police officer
237,Ruthe,Braun,Ruthe.Braun@yopmail.com,Ruthe.Braun@gmail.com,developer
238,Tarra,Shanley,Tarra.Shanley@yopmail.com,Tarra.Shanley@gmail.com,doctor
239,Nonnah,Pierette,Nonnah.Pierette@yopmail.com,Nonnah.Pierette@gmail.com,developer
240,Fernande,Mozelle,Fernande.Mozelle@yopmail.com,Fernande.Mozelle@gmail.com,doctor
241,Delilah,Kunin,Delilah.Kunin@yopmail.com,Delilah.Kunin@gmail.com,worker
242,Kimmy,Emmy,Kimmy.Emmy@yopmail.com,Kimmy.Emmy@gmail.com,developer
243,Lizzie,Belldas,Lizzie.Belldas@yopmail.com,Lizzie.Belldas@gmail.com,worker
244,Cathie,Quent,Cathie.Quent@yopmail.com,Cathie.Quent@gmail.com,firefighter
245,Winny,Iaverne,Winny.Iaverne@yopmail.com,Winny.Iaverne@gmail.com,police officer
246,Drucie,Melony,Drucie.Melony@yopmail.com,Drucie.Melony@gmail.com,doctor
247,Ashlee,Ariella,Ashlee.Ariella@yopmail.com,Ashlee.Ariella@gmail.com,police officer
248,Fanny,Woodberry,Fanny.Woodberry@yopmail.com,Fanny.Woodberry@gmail.com,firefighter
249,Marylou,Hermes,Marylou.Hermes@yopmail.com,Marylou.Hermes@gmail.com,doctor
250,Joeann,Amasa,Joeann.Amasa@yopmail.com,Joeann.Amasa@gmail.com,doctor
251,Loree,Docilla,Loree.Docilla@yopmail.com,Loree.Docilla@gmail.com,doctor
252,Anica,Annice,Anica.Annice@yopmail.com,Anica.Annice@gmail.com,worker
253,Thalia,Phaidra,Thalia.Phaidra@yopmail.com,Thalia.Phaidra@gmail.com,worker
254,Claudina,Franza,Claudina.Franza@yopmail.com,Claudina.Franza@gmail.com,doctor
255,Annecorinne,Sallyann,Annecorinne.Sallyann@yopmail.com,Annecorinne.Sallyann@gmail.com,worker
256,Flory,Seagraves,Flory.Seagraves@yopmail.com,Flory.Seagraves@gmail.com,firefighter
257,Minne,Johanna,Minne.Johanna@yopmail.com,Minne.Johanna@gmail.com,police officer
258,Elbertina,Lunsford,Elbertina.Lunsford@yopmail.com,Elbertina.Lunsford@gmail.com,firefighter
259,Ezmeralda,Loleta,Ezmeralda.Loleta@yopmail.com,Ezmeralda.Loleta@gmail.com,firefighter
260,Alexine,Franza,Alexine.Franza@yopmail.com,Alexine.Franza@gmail.com,doctor
261,Sophia,Niles,Sophia.Niles@yopmail.com,Sophia.Niles@gmail.com,firefighter
262,Gusty,Wiener,Gusty.Wiener@yopmail.com,Gusty.Wiener@gmail.com,worker
263,Katuscha,Judye,Katuscha.Judye@yopmail.com,Katuscha.Judye@gmail.com,police officer
264,Shel,Marcellus,Shel.Marcellus@yopmail.com,Shel.Marcellus@gmail.com,police officer
265,Gwyneth,Peg,Gwyneth.Peg@yopmail.com,Gwyneth.Peg@gmail.com,firefighter
266,Cristine,Rugen,Cristine.Rugen@yopmail.com,Cristine.Rugen@gmail.com,police officer
267,Peri,Posner,Peri.Posner@yopmail.com,Peri.Posner@gmail.com,firefighter
268,Barbi,Corrine,Barbi.Corrine@yopmail.com,Barbi.Corrine@gmail.com,developer
269,Elora,Annabella,Elora.Annabella@yopmail.com,Elora.Annabella@gmail.com,developer
270,Daphne,Cohdwell,Daphne.Cohdwell@yopmail.com,Daphne.Cohdwell@gmail.com,worker
271,Frances,Nea,Frances.Nea@yopmail.com,Frances.Nea@gmail.com,worker
272,Jessamyn,McAdams,Jessamyn.McAdams@yopmail.com,Jessamyn.McAdams@gmail.com,police officer
273,Mahalia,Han,Mahalia.Han@yopmail.com,Mahalia.Han@gmail.com,police officer
274,Ingrid,Nelsen,Ingrid.Nelsen@yopmail.com,Ingrid.Nelsen@gmail.com,doctor
275,Elena,Rossner,Elena.Rossner@yopmail.com,Elena.Rossner@gmail.com,firefighter
276,Reeba,Joni,Reeba.Joni@yopmail.com,Reeba.Joni@gmail.com,developer
277,Ada,Gunn,Ada.Gunn@yopmail.com,Ada.Gunn@gmail.com,police officer
278,Ebonee,Ciro,Ebonee.Ciro@yopmail.com,Ebonee.Ciro@gmail.com,worker
279,Karly,Bouchard,Karly.Bouchard@yopmail.com,Karly.Bouchard@gmail.com,doctor
280,Addia,Ricki,Addia.Ricki@yopmail.com,Addia.Ricki@gmail.com,developer
281,Kayla,Brunell,Kayla.Brunell@yopmail.com,Kayla.Brunell@gmail.com,police officer
282,Leeanne,Alejoa,Leeanne.Alejoa@yopmail.com,Leeanne.Alejoa@gmail.com,firefighter
283,Lusa,Lareena,Lusa.Lareena@yopmail.com,Lusa.Lareena@gmail.com,worker
284,Alexine,Vins,Alexine.Vins@yopmail.com,Alexine.Vins@gmail.com,firefighter
285,Neila,Kermit,Neila.Kermit@yopmail.com,Neila.Kermit@gmail.com,doctor
286,Caressa,Louanna,Caressa.Louanna@yopmail.com,Caressa.Louanna@gmail.com,police officer
287,Wileen,Fennessy,Wileen.Fennessy@yopmail.com,Wileen.Fennessy@gmail.com,developer
288,Blake,Hutchison,Blake.Hutchison@yopmail.com,Blake.Hutchison@gmail.com,doctor
289,Phedra,Ashely,Phedra.Ashely@yopmail.com,Phedra.Ashely@gmail.com,firefighter
290,Isa,Therine,Isa.Therine@yopmail.com,Isa.Therine@gmail.com,worker
291,Valeda,Simmonds,Valeda.Simmonds@yopmail.com,Valeda.Simmonds@gmail.com,police officer
292,Minne,Kazimir,Minne.Kazimir@yopmail.com,Minne.Kazimir@gmail.com,developer
293,Nannie,Deny,Nannie.Deny@yopmail.com,Nannie.Deny@gmail.com,developer
294,Tracey,Yam,Tracey.Yam@yopmail.com,Tracey.Yam@gmail.com,doctor
295,Heddie,Ailyn,Heddie.Ailyn@yopmail.com,Heddie.Ailyn@gmail.com,firefighter
296,Atlanta,Milde,Atlanta.Milde@yopmail.com,Atlanta.Milde@gmail.com,developer
297,Rhoda,Zachary,Rhoda.Zachary@yopmail.com,Rhoda.Zachary@gmail.com,police officer
298,Melina,Cleo,Melina.Cleo@yopmail.com,Melina.Cleo@gmail.com,police officer
299,Kirstin,Demitria,Kirstin.Demitria@yopmail.com,Kirstin.Demitria@gmail.com,police officer
300,Ericka,Heisel,Ericka.Heisel@yopmail.com,Ericka.Heisel@gmail.com,worker
301,Meghann,Chick,Meghann.Chick@yopmail.com,Meghann.Chick@gmail.com,doctor
302,Dawn,Gwenore,Dawn.Gwenore@yopmail.com,Dawn.Gwenore@gmail.com,firefighter
303,Gilda,Guildroy,Gilda.Guildroy@yopmail.com,Gilda.Guildroy@gmail.com,doctor
304,Codie,Roarke,Codie.Roarke@yopmail.com,Codie.Roarke@gmail.com,doctor
305,Corry,Syd,Corry.Syd@yopmail.com,Corry.Syd@gmail.com,firefighter
306,Dawn,Stevy,Dawn.Stevy@yopmail.com,Dawn.Stevy@gmail.com,developer
307,Perry,Milson,Perry.Milson@yopmail.com,Perry.Milson@gmail.com,worker
308,Tilly,Eldrid,Tilly.Eldrid@yopmail.com,Tilly.Eldrid@gmail.com,worker
309,Gabriellia,Isidore,Gabriellia.Isidore@yopmail.com,Gabriellia.Isidore@gmail.com,police officer
310,Cyndie,Federica,Cyndie.Federica@yopmail.com,Cyndie.Federica@gmail.com,police officer
311,Antonietta,Marijo,Antonietta.Marijo@yopmail.com,Antonietta.Marijo@gmail.com,worker
312,Arlina,Naashom,Arlina.Naashom@yopmail.com,Arlina.Naashom@gmail.com,doctor
313,Petronia,Henebry,Petronia.Henebry@yopmail.com,Petronia.Henebry@gmail.com,police officer
314,Bobbi,Infield,Bobbi.Infield@yopmail.com,Bobbi.Infield@gmail.com,developer
315,Letizia,Greyson,Letizia.Greyson@yopmail.com,Letizia.Greyson@gmail.com,doctor
316,Therine,Huggins,Therine.Huggins@yopmail.com,Therine.Huggins@gmail.com,doctor
317,Oona,Wattenberg,Oona.Wattenberg@yopmail.com,Oona.Wattenberg@gmail.com,firefighter
318,Mathilda,Sasnett,Mathilda.Sasnett@yopmail.com,Mathilda.Sasnett@gmail.com,police officer
319,Flo,Junie,Flo.Junie@yopmail.com,Flo.Junie@gmail.com,developer
320,Maurene,Gahl,Maurene.Gahl@yopmail.com,Maurene.Gahl@gmail.com,firefighter
321,Marjie,Garrison,Marjie.Garrison@yopmail.com,Marjie.Garrison@gmail.com,doctor
322,Halette,Ventre,Halette.Ventre@yopmail.com,Halette.Ventre@gmail.com,worker
323,Jean,Fredi,Jean.Fredi@yopmail.com,Jean.Fredi@gmail.com,doctor
324,Madelle,Eliathas,Madelle.Eliathas@yopmail.com,Madelle.Eliathas@gmail.com,developer
325,Max,Cosenza,Max.Cosenza@yopmail.com,Max.Cosenza@gmail.com,developer
326,Olwen,Burnside,Olwen.Burnside@yopmail.com,Olwen.Burnside@gmail.com,police officer
327,Janey,Madelene,Janey.Madelene@yopmail.com,Janey.Madelene@gmail.com,police officer
328,Gui,Seligman,Gui.Seligman@yopmail.com,Gui.Seligman@gmail.com,police officer
329,Aili,Chinua,Aili.Chinua@yopmail.com,Aili.Chinua@gmail.com,developer
330,Sue,Peg,Sue.Peg@yopmail.com,Sue.Peg@gmail.com,doctor
331,Giustina,Mendez,Giustina.Mendez@yopmail.com,Giustina.Mendez@gmail.com,developer
332,Therine,Westphal,Therine.Westphal@yopmail.com,Therine.Westphal@gmail.com,worker
333,Arlena,Mathilde,Arlena.Mathilde@yopmail.com,Arlena.Mathilde@gmail.com,police officer
334,Dennie,Trace,Dennie.Trace@yopmail.com,Dennie.Trace@gmail.com,developer
335,Juliane,Tayib,Juliane.Tayib@yopmail.com,Juliane.Tayib@gmail.com,doctor
336,Donnie,Ellord,Donnie.Ellord@yopmail.com,Donnie.Ellord@gmail.com,worker
337,Sandie,Toor,Sandie.Toor@yopmail.com,Sandie.Toor@gmail.com,firefighter
338,Harmonia,Sholley,Harmonia.Sholley@yopmail.com,Harmonia.Sholley@gmail.com,developer
339,Jaclyn,Ferrell,Jaclyn.Ferrell@yopmail.com,Jaclyn.Ferrell@gmail.com,developer
340,Corina,Stover,Corina.Stover@yopmail.com,Corina.Stover@gmail.com,developer
341,Elena,Peg,Elena.Peg@yopmail.com,Elena.Peg@gmail.com,developer
342,Ottilie,Fleeta,Ottilie.Fleeta@yopmail.com,Ottilie.Fleeta@gmail.com,firefighter
343,Elyssa,Timon,Elyssa.Timon@yopmail.com,Elyssa.Timon@gmail.com,police officer
344,Sidoney,Aurelio,Sidoney.Aurelio@yopmail.com,Sidoney.Aurelio@gmail.com,police officer
345,Sharlene,Ietta,Sharlene.Ietta@yopmail.com,Sharlene.Ietta@gmail.com,worker
346,Lindie,Shama,Lindie.Shama@yopmail.com,Lindie.Shama@gmail.com,developer
347,Charlena,Granoff,Charlena.Granoff@yopmail.com,Charlena.Granoff@gmail.com,doctor
348,Kalina,Fosque,Kalina.Fosque@yopmail.com,Kalina.Fosque@gmail.com,developer
349,Blondelle,Carbo,Blondelle.Carbo@yopmail.com,Blondelle.Carbo@gmail.com,police officer
350,Amalie,Henrie,Amalie.Henrie@yopmail.com,Amalie.Henrie@gmail.com,developer
351,Fredericka,Klemperer,Fredericka.Klemperer@yopmail.com,Fredericka.Klemperer@gmail.com,police officer
352,Kristina,Weinreb,Kristina.Weinreb@yopmail.com,Kristina.Weinreb@gmail.com,doctor
353,Claresta,Pacorro,Claresta.Pacorro@yopmail.com,Claresta.Pacorro@gmail.com,doctor
354,Tonia,Ortrude,Tonia.Ortrude@yopmail.com,Tonia.Ortrude@gmail.com,developer
355,Kaja,Eldrid,Kaja.Eldrid@yopmail.com,Kaja.Eldrid@gmail.com,police officer
356,Aryn,Rosemary,Aryn.Rosemary@yopmail.com,Aryn.Rosemary@gmail.com,developer
357,Annora,Adore,Annora.Adore@yopmail.com,Annora.Adore@gmail.com,police officer
358,Christal,Chrystel,Christal.Chrystel@yopmail.com,Christal.Chrystel@gmail.com,worker
359,Carolina,Rodmann,Carolina.Rodmann@yopmail.com,Carolina.Rodmann@gmail.com,firefighter
360,Emma,Thad,Emma.Thad@yopmail.com,Emma.Thad@gmail.com,doctor
361,Ofilia,Shirberg,Ofilia.Shirberg@yopmail.com,Ofilia.Shirberg@gmail.com,police officer
362,Tilly,Jaylene,Tilly.Jaylene@yopmail.com,Tilly.Jaylene@gmail.com,police officer
363,Adore,Munn,Adore.Munn@yopmail.com,Adore.Munn@gmail.com,doctor
364,Frances,Monaco,Frances.Monaco@yopmail.com,Frances.Monaco@gmail.com,firefighter
365,Janey,Ricki,Janey.Ricki@yopmail.com,Janey.Ricki@gmail.com,doctor
366,Danny,Roche,Danny.Roche@yopmail.com,Danny.Roche@gmail.com,firefighter
367,Kaja,Hazlett,Kaja.Hazlett@yopmail.com,Kaja.Hazlett@gmail.com,developer
368,Celene,Ruvolo,Celene.Ruvolo@yopmail.com,Celene.Ruvolo@gmail.com,police officer
369,Lucille,Narton,Lucille.Narton@yopmail.com,Lucille.Narton@gmail.com,worker
370,Minne,Croix,Minne.Croix@yopmail.com,Minne.Croix@gmail.com,developer
371,Yetty,Stuart,Yetty.Stuart@yopmail.com,Yetty.Stuart@gmail.com,developer
372,Karena,Riva,Karena.Riva@yopmail.com,Karena.Riva@gmail.com,doctor
373,Gaylene,Anyah,Gaylene.Anyah@yopmail.com,Gaylene.Anyah@gmail.com,developer
374,Marline,Westphal,Marline.Westphal@yopmail.com,Marline.Westphal@gmail.com,developer
375,Paule,Graig,Paule.Graig@yopmail.com,Paule.Graig@gmail.com,doctor
376,Winifred,Gower,Winifred.Gower@yopmail.com,Winifred.Gower@gmail.com,firefighter
377,Tera,Andrel,Tera.Andrel@yopmail.com,Tera.Andrel@gmail.com,firefighter
378,Quintina,Janene,Quintina.Janene@yopmail.com,Quintina.Janene@gmail.com,developer
379,Fidelia,Harriman,Fidelia.Harriman@yopmail.com,Fidelia.Harriman@gmail.com,police officer
380,Tarra,Noman,Tarra.Noman@yopmail.com,Tarra.Noman@gmail.com,worker
381,Teriann,Mintz,Teriann.Mintz@yopmail.com,Teriann.Mintz@gmail.com,worker
382,Fanny,Casimir,Fanny.Casimir@yopmail.com,Fanny.Casimir@gmail.com,doctor
383,Nickie,Bennie,Nickie.Bennie@yopmail.com,Nickie.Bennie@gmail.com,firefighter
384,Ivett,Hubert,Ivett.Hubert@yopmail.com,Ivett.Hubert@gmail.com,police officer
385,Jemie,Silvan,Jemie.Silvan@yopmail.com,Jemie.Silvan@gmail.com,police officer
386,Regina,Tybald,Regina.Tybald@yopmail.com,Regina.Tybald@gmail.com,firefighter
387,Cassandra,Horan,Cassandra.Horan@yopmail.com,Cassandra.Horan@gmail.com,police officer
388,Frances,Himelman,Frances.Himelman@yopmail.com,Frances.Himelman@gmail.com,developer
389,Adriana,Macey,Adriana.Macey@yopmail.com,Adriana.Macey@gmail.com,doctor
390,Frank,Rogerio,Frank.Rogerio@yopmail.com,Frank.Rogerio@gmail.com,doctor
391,Bertine,Montgomery,Bertine.Montgomery@yopmail.com,Bertine.Montgomery@gmail.com,worker
392,Hannis,Jess,Hannis.Jess@yopmail.com,Hannis.Jess@gmail.com,police officer
393,Neila,Lamoree,Neila.Lamoree@yopmail.com,Neila.Lamoree@gmail.com,police officer
394,Frank,Briney,Frank.Briney@yopmail.com,Frank.Briney@gmail.com,developer
395,Deedee,Levey,Deedee.Levey@yopmail.com,Deedee.Levey@gmail.com,worker
396,Lauryn,Tomasina,Lauryn.Tomasina@yopmail.com,Lauryn.Tomasina@gmail.com,firefighter
397,Clementine,Posner,Clementine.Posner@yopmail.com,Clementine.Posner@gmail.com,firefighter
398,Celisse,Sharl,Celisse.Sharl@yopmail.com,Celisse.Sharl@gmail.com,developer
399,Marjie,Dielu,Marjie.Dielu@yopmail.com,Marjie.Dielu@gmail.com,worker
400,Mahalia,Magnolia,Mahalia.Magnolia@yopmail.com,Mahalia.Magnolia@gmail.com,worker
401,Melina,Barrus,Melina.Barrus@yopmail.com,Melina.Barrus@gmail.com,police officer
402,Jeanna,Erminia,Jeanna.Erminia@yopmail.com,Jeanna.Erminia@gmail.com,worker
403,Annecorinne,Dex,Annecorinne.Dex@yopmail.com,Annecorinne.Dex@gmail.com,worker
404,Caryl,Ortrude,Caryl.Ortrude@yopmail.com,Caryl.Ortrude@gmail.com,firefighter
405,Xylina,Mallon,Xylina.Mallon@yopmail.com,Xylina.Mallon@gmail.com,worker
406,Deedee,Rolf,Deedee.Rolf@yopmail.com,Deedee.Rolf@gmail.com,developer
407,Gerrie,Anestassia,Gerrie.Anestassia@yopmail.com,Gerrie.Anestassia@gmail.com,developer
408,Ginnie,Leffen,Ginnie.Leffen@yopmail.com,Ginnie.Leffen@gmail.com,developer
409,Fina,Tamar,Fina.Tamar@yopmail.com,Fina.Tamar@gmail.com,doctor
410,Helsa,Kaja,Helsa.Kaja@yopmail.com,Helsa.Kaja@gmail.com,worker
411,Jsandye,Borrell,Jsandye.Borrell@yopmail.com,Jsandye.Borrell@gmail.com,police officer
412,Roberta,Lanita,Roberta.Lanita@yopmail.com,Roberta.Lanita@gmail.com,worker
413,Lizzie,Imelida,Lizzie.Imelida@yopmail.com,Lizzie.Imelida@gmail.com,doctor
414,Caryl,Rad,Caryl.Rad@yopmail.com,Caryl.Rad@gmail.com,worker
415,Gabi,Letsou,Gabi.Letsou@yopmail.com,Gabi.Letsou@gmail.com,worker
416,Jan,Bobbee,Jan.Bobbee@yopmail.com,Jan.Bobbee@gmail.com,developer
417,Jany,Kenwood,Jany.Kenwood@yopmail.com,Jany.Kenwood@gmail.com,worker
418,Wilma,Ogren,Wilma.Ogren@yopmail.com,Wilma.Ogren@gmail.com,firefighter
419,Althea,Dosia,Althea.Dosia@yopmail.com,Althea.Dosia@gmail.com,worker
420,Myriam,Sikorski,Myriam.Sikorski@yopmail.com,Myriam.Sikorski@gmail.com,developer
421,Ileana,Douglass,Ileana.Douglass@yopmail.com,Ileana.Douglass@gmail.com,firefighter
422,Teriann,Raffo,Teriann.Raffo@yopmail.com,Teriann.Raffo@gmail.com,doctor
423,Shandie,Gemini,Shandie.Gemini@yopmail.com,Shandie.Gemini@gmail.com,worker
424,Donnie,Ioab,Donnie.Ioab@yopmail.com,Donnie.Ioab@gmail.com,worker
425,Willetta,Argus,Willetta.Argus@yopmail.com,Willetta.Argus@gmail.com,police officer
426,Hollie,Gower,Hollie.Gower@yopmail.com,Hollie.Gower@gmail.com,doctor
427,Ann-Marie,Georgy,Ann-Marie.Georgy@yopmail.com,Ann-Marie.Georgy@gmail.com,doctor
428,Corina,Corrine,Corina.Corrine@yopmail.com,Corina.Corrine@gmail.com,doctor
429,Bobbi,Infield,Bobbi.Infield@yopmail.com,Bobbi.Infield@gmail.com,worker
430,Collen,Ambrosia,Collen.Ambrosia@yopmail.com,Collen.Ambrosia@gmail.com,worker
431,Wileen,Sibyls,Wileen.Sibyls@yopmail.com,Wileen.Sibyls@gmail.com,worker
432,Mireielle,Sholley,Mireielle.Sholley@yopmail.com,Mireielle.Sholley@gmail.com,firefighter
433,Caritta,Brunell,Caritta.Brunell@yopmail.com,Caritta.Brunell@gmail.com,police officer
434,Leontine,Gillan,Leontine.Gillan@yopmail.com,Leontine.Gillan@gmail.com,firefighter
435,Teddie,Karylin,Teddie.Karylin@yopmail.com,Teddie.Karylin@gmail.com,developer
436,Mady,Shanley,Mady.Shanley@yopmail.com,Mady.Shanley@gmail.com,developer
437,Philis,Rozanna,Philis.Rozanna@yopmail.com,Philis.Rozanna@gmail.com,firefighter
438,Hildegaard,Jammal,Hildegaard.Jammal@yopmail.com,Hildegaard.Jammal@gmail.com,doctor
439,Courtnay,Ioab,Courtnay.Ioab@yopmail.com,Courtnay.Ioab@gmail.com,police officer
440,Anica,Chandler,Anica.Chandler@yopmail.com,Anica.Chandler@gmail.com,firefighter
441,Leeanne,Reneta,Leeanne.Reneta@yopmail.com,Leeanne.Reneta@gmail.com,doctor
442,Kimmy,Lutero,Kimmy.Lutero@yopmail.com,Kimmy.Lutero@gmail.com,doctor
443,Sandie,Zrike,Sandie.Zrike@yopmail.com,Sandie.Zrike@gmail.com,worker
444,Dorice,Seagraves,Dorice.Seagraves@yopmail.com,Dorice.Seagraves@gmail.com,worker
445,Konstance,Podvin,Konstance.Podvin@yopmail.com,Konstance.Podvin@gmail.com,firefighter
446,Lesly,Cadmar,Lesly.Cadmar@yopmail.com,Lesly.Cadmar@gmail.com,worker
447,Julieta,Noam,Julieta.Noam@yopmail.com,Julieta.Noam@gmail.com,police officer
448,Mireielle,Kendrick,Mireielle.Kendrick@yopmail.com,Mireielle.Kendrick@gmail.com,developer
449,Talya,Cyrie,Talya.Cyrie@yopmail.com,Talya.Cyrie@gmail.com,worker
450,Tani,Buttaro,Tani.Buttaro@yopmail.com,Tani.Buttaro@gmail.com,developer
451,Corina,Raul,Corina.Raul@yopmail.com,Corina.Raul@gmail.com,doctor
452,Rori,Horan,Rori.Horan@yopmail.com,Rori.Horan@gmail.com,police officer
453,Konstance,Fillbert,Konstance.Fillbert@yopmail.com,Konstance.Fillbert@gmail.com,worker
454,Penelopa,Sherfield,Penelopa.Sherfield@yopmail.com,Penelopa.Sherfield@gmail.com,developer
455,Sharlene,Hourigan,Sharlene.Hourigan@yopmail.com,Sharlene.Hourigan@gmail.com,police officer
456,Etta,Doig,Etta.Doig@yopmail.com,Etta.Doig@gmail.com,worker
457,Clo,Rocray,Clo.Rocray@yopmail.com,Clo.Rocray@gmail.com,developer
458,Yolane,Kristi,Yolane.Kristi@yopmail.com,Yolane.Kristi@gmail.com,worker
459,Lita,Maribeth,Lita.Maribeth@yopmail.com,Lita.Maribeth@gmail.com,police officer
460,Blake,Tannie,Blake.Tannie@yopmail.com,Blake.Tannie@gmail.com,police officer
461,Vere,Casimir,Vere.Casimir@yopmail.com,Vere.Casimir@gmail.com,police officer
462,Dolli,Cosenza,Dolli.Cosenza@yopmail.com,Dolli.Cosenza@gmail.com,doctor
463,Dyann,Tristram,Dyann.Tristram@yopmail.com,Dyann.Tristram@gmail.com,firefighter
464,Shandie,Idelia,Shandie.Idelia@yopmail.com,Shandie.Idelia@gmail.com,worker
465,Ellette,Hedve,Ellette.Hedve@yopmail.com,Ellette.Hedve@gmail.com,police officer
466,Kaia,Sawtelle,Kaia.Sawtelle@yopmail.com,Kaia.Sawtelle@gmail.com,police officer
467,Ermengarde,Waite,Ermengarde.Waite@yopmail.com,Ermengarde.Waite@gmail.com,firefighter
468,Corly,Fosque,Corly.Fosque@yopmail.com,Corly.Fosque@gmail.com,worker
469,Mildrid,Bari,Mildrid.Bari@yopmail.com,Mildrid.Bari@gmail.com,doctor
470,Mallory,Lowry,Mallory.Lowry@yopmail.com,Mallory.Lowry@gmail.com,police officer
471,Aurelie,Maryanne,Aurelie.Maryanne@yopmail.com,Aurelie.Maryanne@gmail.com,doctor
472,Michaelina,Wesle,Michaelina.Wesle@yopmail.com,Michaelina.Wesle@gmail.com,developer
473,Beatriz,Vorster,Beatriz.Vorster@yopmail.com,Beatriz.Vorster@gmail.com,firefighter
474,Bernardine,Fry,Bernardine.Fry@yopmail.com,Bernardine.Fry@gmail.com,developer
475,Cindelyn,Kronfeld,Cindelyn.Kronfeld@yopmail.com,Cindelyn.Kronfeld@gmail.com,firefighter
476,Catrina,Old,Catrina.Old@yopmail.com,Catrina.Old@gmail.com,developer
477,Mariele,Riva,Mariele.Riva@yopmail.com,Mariele.Riva@gmail.com,police officer
478,Riannon,Phyllis,Riannon.Phyllis@yopmail.com,Riannon.Phyllis@gmail.com,worker
479,Tilly,Dituri,Tilly.Dituri@yopmail.com,Tilly.Dituri@gmail.com,doctor
480,Mignon,Naashom,Mignon.Naashom@yopmail.com,Mignon.Naashom@gmail.com,doctor
481,Dianemarie,Lunsford,Dianemarie.Lunsford@yopmail.com,Dianemarie.Lunsford@gmail.com,doctor
482,Dione,Capello,Dione.Capello@yopmail.com,Dione.Capello@gmail.com,developer
483,Georgetta,Bury,Georgetta.Bury@yopmail.com,Georgetta.Bury@gmail.com,police officer
484,Marti,Zeeba,Marti.Zeeba@yopmail.com,Marti.Zeeba@gmail.com,firefighter
485,Liana,Odysseus,Liana.Odysseus@yopmail.com,Liana.Odysseus@gmail.com,firefighter
486,Flo,Annabella,Flo.Annabella@yopmail.com,Flo.Annabella@gmail.com,doctor
487,Lila,Karylin,Lila.Karylin@yopmail.com,Lila.Karylin@gmail.com,firefighter
488,Correy,Yoko,Correy.Yoko@yopmail.com,Correy.Yoko@gmail.com,police officer
489,Marleah,Kronfeld,Marleah.Kronfeld@yopmail.com,Marleah.Kronfeld@gmail.com,firefighter
490,Aili,Lubin,Aili.Lubin@yopmail.com,Aili.Lubin@gmail.com,developer
491,Ulrike,Lacombe,Ulrike.Lacombe@yopmail.com,Ulrike.Lacombe@gmail.com,firefighter
492,Heida,Voletta,Heida.Voletta@yopmail.com,Heida.Voletta@gmail.com,developer
493,Pamella,Sothena,Pamella.Sothena@yopmail.com,Pamella.Sothena@gmail.com,doctor
494,Mary,Glovsky,Mary.Glovsky@yopmail.com,Mary.Glovsky@gmail.com,doctor
495,Meg,Medrek,Meg.Medrek@yopmail.com,Meg.Medrek@gmail.com,worker
496,Mellicent,Sperling,Mellicent.Sperling@yopmail.com,Mellicent.Sperling@gmail.com,worker
497,Cathyleen,Lutero,Cathyleen.Lutero@yopmail.com,Cathyleen.Lutero@gmail.com,firefighter
498,Edith,Pulsifer,Edith.Pulsifer@yopmail.com,Edith.Pulsifer@gmail.com,firefighter
499,Aurelie,Jotham,Aurelie.Jotham@yopmail.com,Aurelie.Jotham@gmail.com,worker
500,Kristina,Dosia,Kristina.Dosia@yopmail.com,Kristina.Dosia@gmail.com,worker
501,Kayla,Docilla,Kayla.Docilla@yopmail.com,Kayla.Docilla@gmail.com,police officer
502,Mamie,Talia,Mamie.Talia@yopmail.com,Mamie.Talia@gmail.com,police officer
503,Collen,Sallyann,Collen.Sallyann@yopmail.com,Collen.Sallyann@gmail.com,police officer
504,Joane,Creamer,Joane.Creamer@yopmail.com,Joane.Creamer@gmail.com,doctor
505,Laurene,Narton,Laurene.Narton@yopmail.com,Laurene.Narton@gmail.com,developer
506,Catrina,Earlie,Catrina.Earlie@yopmail.com,Catrina.Earlie@gmail.com,doctor
507,Cyb,Ethban,Cyb.Ethban@yopmail.com,Cyb.Ethban@gmail.com,doctor
508,Collen,Tjon,Collen.Tjon@yopmail.com,Collen.Tjon@gmail.com,worker
509,Fidelia,Sibyls,Fidelia.Sibyls@yopmail.com,Fidelia.Sibyls@gmail.com,doctor
510,Gusella,Berne,Gusella.Berne@yopmail.com,Gusella.Berne@gmail.com,worker
511,Talya,Amand,Talya.Amand@yopmail.com,Talya.Amand@gmail.com,worker
512,Jenilee,Raychel,Jenilee.Raychel@yopmail.com,Jenilee.Raychel@gmail.com,doctor
513,Christian,Fosque,Christian.Fosque@yopmail.com,Christian.Fosque@gmail.com,developer
514,Lauryn,Suk,Lauryn.Suk@yopmail.com,Lauryn.Suk@gmail.com,developer
515,Britni,Tillford,Britni.Tillford@yopmail.com,Britni.Tillford@gmail.com,developer
516,Deloria,Milde,Deloria.Milde@yopmail.com,Deloria.Milde@gmail.com,worker
517,Susan,Haymes,Susan.Haymes@yopmail.com,Susan.Haymes@gmail.com,police officer
518,Yvonne,Olympium,Yvonne.Olympium@yopmail.com,Yvonne.Olympium@gmail.com,police officer
519,Maye,Alcott,Maye.Alcott@yopmail.com,Maye.Alcott@gmail.com,firefighter
520,Trudie,Ludewig,Trudie.Ludewig@yopmail.com,Trudie.Ludewig@gmail.com,doctor
521,Lucy,Matthew,Lucy.Matthew@yopmail.com,Lucy.Matthew@gmail.com,police officer
522,Collen,Kirbee,Collen.Kirbee@yopmail.com,Collen.Kirbee@gmail.com,worker
523,Penelopa,Mott,Penelopa.Mott@yopmail.com,Penelopa.Mott@gmail.com,developer
524,Eve,Adamsen,Eve.Adamsen@yopmail.com,Eve.Adamsen@gmail.com,police officer
525,Belinda,Sothena,Belinda.Sothena@yopmail.com,Belinda.Sothena@gmail.com,firefighter
526,Leontine,Gordon,Leontine.Gordon@yopmail.com,Leontine.Gordon@gmail.com,developer
527,Carol-Jean,Vanni,Carol-Jean.Vanni@yopmail.com,Carol-Jean.Vanni@gmail.com,worker
528,Tabbatha,Kevon,Tabbatha.Kevon@yopmail.com,Tabbatha.Kevon@gmail.com,doctor
529,Lucy,Dyche,Lucy.Dyche@yopmail.com,Lucy.Dyche@gmail.com,police officer
530,Fernande,Karylin,Fernande.Karylin@yopmail.com,Fernande.Karylin@gmail.com,police officer
531,Devina,Flyn,Devina.Flyn@yopmail.com,Devina.Flyn@gmail.com,worker
532,Fayre,Georas,Fayre.Georas@yopmail.com,Fayre.Georas@gmail.com,developer
533,Hayley,Byrne,Hayley.Byrne@yopmail.com,Hayley.Byrne@gmail.com,police officer
534,Heida,Malvino,Heida.Malvino@yopmail.com,Heida.Malvino@gmail.com,police officer
535,Alameda,Buckler,Alameda.Buckler@yopmail.com,Alameda.Buckler@gmail.com,police officer
536,Coral,Marden,Coral.Marden@yopmail.com,Coral.Marden@gmail.com,developer
537,Chandra,Gino,Chandra.Gino@yopmail.com,Chandra.Gino@gmail.com,doctor
538,Paulita,Dowski,Paulita.Dowski@yopmail.com,Paulita.Dowski@gmail.com,developer
539,Philis,Klemperer,Philis.Klemperer@yopmail.com,Philis.Klemperer@gmail.com,doctor
540,Cecile,Ortrude,Cecile.Ortrude@yopmail.com,Cecile.Ortrude@gmail.com,worker
541,Doralynne,Schonfeld,Doralynne.Schonfeld@yopmail.com,Doralynne.Schonfeld@gmail.com,police officer
542,Danny,Dearborn,Danny.Dearborn@yopmail.com,Danny.Dearborn@gmail.com,police officer
543,Caritta,Lorain,Caritta.Lorain@yopmail.com,Caritta.Lorain@gmail.com,firefighter
544,Lucy,Swigart,Lucy.Swigart@yopmail.com,Lucy.Swigart@gmail.com,police officer
545,Kary,Sperling,Kary.Sperling@yopmail.com,Kary.Sperling@gmail.com,police officer
546,Minne,Kat,Minne.Kat@yopmail.com,Minne.Kat@gmail.com,developer
547,Tamqrah,Cohdwell,Tamqrah.Cohdwell@yopmail.com,Tamqrah.Cohdwell@gmail.com,doctor
548,Jenda,Delp,Jenda.Delp@yopmail.com,Jenda.Delp@gmail.com,developer
549,Basia,Shirberg,Basia.Shirberg@yopmail.com,Basia.Shirberg@gmail.com,police officer
550,Lulita,Cavan,Lulita.Cavan@yopmail.com,Lulita.Cavan@gmail.com,police officer
551,Suzette,Rustice,Suzette.Rustice@yopmail.com,Suzette.Rustice@gmail.com,police officer
552,Dede,Adlare,Dede.Adlare@yopmail.com,Dede.Adlare@gmail.com,doctor
553,Marnia,Kimmie,Marnia.Kimmie@yopmail.com,Marnia.Kimmie@gmail.com,worker
554,Yvonne,Persse,Yvonne.Persse@yopmail.com,Yvonne.Persse@gmail.com,worker
555,Cacilie,Darbie,Cacilie.Darbie@yopmail.com,Cacilie.Darbie@gmail.com,worker
556,Hildegaard,Raffo,Hildegaard.Raffo@yopmail.com,Hildegaard.Raffo@gmail.com,worker
557,Nita,Riordan,Nita.Riordan@yopmail.com,Nita.Riordan@gmail.com,police officer
558,Wanda,Mitzi,Wanda.Mitzi@yopmail.com,Wanda.Mitzi@gmail.com,doctor
559,Teddie,Kussell,Teddie.Kussell@yopmail.com,Teddie.Kussell@gmail.com,developer
560,Fredericka,Voletta,Fredericka.Voletta@yopmail.com,Fredericka.Voletta@gmail.com,developer
561,Glenda,Bonilla,Glenda.Bonilla@yopmail.com,Glenda.Bonilla@gmail.com,doctor
562,Lorenza,Dearborn,Lorenza.Dearborn@yopmail.com,Lorenza.Dearborn@gmail.com,police officer
563,Vevay,Garbe,Vevay.Garbe@yopmail.com,Vevay.Garbe@gmail.com,doctor
564,Madelle,Zuzana,Madelle.Zuzana@yopmail.com,Madelle.Zuzana@gmail.com,developer
565,Luci,Cleo,Luci.Cleo@yopmail.com,Luci.Cleo@gmail.com,firefighter
566,Ashlee,Poppy,Ashlee.Poppy@yopmail.com,Ashlee.Poppy@gmail.com,police officer
567,Neila,Kaete,Neila.Kaete@yopmail.com,Neila.Kaete@gmail.com,firefighter
568,Amara,Kaja,Amara.Kaja@yopmail.com,Amara.Kaja@gmail.com,developer
569,Joceline,Henrie,Joceline.Henrie@yopmail.com,Joceline.Henrie@gmail.com,doctor
570,Raf,Barbey,Raf.Barbey@yopmail.com,Raf.Barbey@gmail.com,worker
571,Mildrid,Schonfeld,Mildrid.Schonfeld@yopmail.com,Mildrid.Schonfeld@gmail.com,developer
572,Beverley,Guthrie,Beverley.Guthrie@yopmail.com,Beverley.Guthrie@gmail.com,doctor
573,Christian,Jerold,Christian.Jerold@yopmail.com,Christian.Jerold@gmail.com,firefighter
574,Clo,Waite,Clo.Waite@yopmail.com,Clo.Waite@gmail.com,police officer
575,Kaia,Raul,Kaia.Raul@yopmail.com,Kaia.Raul@gmail.com,police officer
576,Michaelina,Minetta,Michaelina.Minetta@yopmail.com,Michaelina.Minetta@gmail.com,doctor
577,Marjie,Greenwald,Marjie.Greenwald@yopmail.com,Marjie.Greenwald@gmail.com,firefighter
578,Aigneis,Dosia,Aigneis.Dosia@yopmail.com,Aigneis.Dosia@gmail.com,worker
579,Charissa,Aloise,Charissa.Aloise@yopmail.com,Charissa.Aloise@gmail.com,firefighter
580,Florencia,Alabaster,Florencia.Alabaster@yopmail.com,Florencia.Alabaster@gmail.com,police officer
581,Petronia,Kolnick,Petronia.Kolnick@yopmail.com,Petronia.Kolnick@gmail.com,firefighter
582,Carolina,Matthew,Carolina.Matthew@yopmail.com,Carolina.Matthew@gmail.com,doctor
583,Cordi,Jethro,Cordi.Jethro@yopmail.com,Cordi.Jethro@gmail.com,police officer
584,Orelia,Carleen,Orelia.Carleen@yopmail.com,Orelia.Carleen@gmail.com,firefighter
585,Millie,Raama,Millie.Raama@yopmail.com,Millie.Raama@gmail.com,developer
586,Correy,Jillane,Correy.Jillane@yopmail.com,Correy.Jillane@gmail.com,firefighter
587,Inga,Alva,Inga.Alva@yopmail.com,Inga.Alva@gmail.com,developer
588,Glenda,Oriana,Glenda.Oriana@yopmail.com,Glenda.Oriana@gmail.com,police officer
589,Angelique,Taima,Angelique.Taima@yopmail.com,Angelique.Taima@gmail.com,worker
590,Caritta,Rooney,Caritta.Rooney@yopmail.com,Caritta.Rooney@gmail.com,worker
591,Talya,Lail,Talya.Lail@yopmail.com,Talya.Lail@gmail.com,worker
592,Konstance,Mitzi,Konstance.Mitzi@yopmail.com,Konstance.Mitzi@gmail.com,doctor
593,Tomasina,Truc,Tomasina.Truc@yopmail.com,Tomasina.Truc@gmail.com,firefighter
594,Peri,Henrie,Peri.Henrie@yopmail.com,Peri.Henrie@gmail.com,doctor
595,Britte,Dex,Britte.Dex@yopmail.com,Britte.Dex@gmail.com,doctor
596,Raina,Leifeste,Raina.Leifeste@yopmail.com,Raina.Leifeste@gmail.com,firefighter
597,Konstance,Brady,Konstance.Brady@yopmail.com,Konstance.Brady@gmail.com,developer
598,Evaleen,Gower,Evaleen.Gower@yopmail.com,Evaleen.Gower@gmail.com,developer
599,Betta,Ioab,Betta.Ioab@yopmail.com,Betta.Ioab@gmail.com,police officer
600,Therine,Muriel,Therine.Muriel@yopmail.com,Therine.Muriel@gmail.com,firefighter
601,Michaelina,Longfellow,Michaelina.Longfellow@yopmail.com,Michaelina.Longfellow@gmail.com,worker
602,Winifred,Argus,Winifred.Argus@yopmail.com,Winifred.Argus@gmail.com,police officer
603,Madalyn,Denis,Madalyn.Denis@yopmail.com,Madalyn.Denis@gmail.com,police officer
604,Marcelline,Bahr,Marcelline.Bahr@yopmail.com,Marcelline.Bahr@gmail.com,worker
605,Sheree,Brian,Sheree.Brian@yopmail.com,Sheree.Brian@gmail.com,doctor
606,Sallie,Rona,Sallie.Rona@yopmail.com,Sallie.Rona@gmail.com,worker
607,Kittie,Carey,Kittie.Carey@yopmail.com,Kittie.Carey@gmail.com,worker
608,Deloria,Rossner,Deloria.Rossner@yopmail.com,Deloria.Rossner@gmail.com,police officer
609,Jorry,Frendel,Jorry.Frendel@yopmail.com,Jorry.Frendel@gmail.com,doctor
610,Deedee,Fancie,Deedee.Fancie@yopmail.com,Deedee.Fancie@gmail.com,doctor
611,Sindee,Even,Sindee.Even@yopmail.com,Sindee.Even@gmail.com,police officer
612,Emilia,Bakerman,Emilia.Bakerman@yopmail.com,Emilia.Bakerman@gmail.com,police officer
613,Arlina,Quinn,Arlina.Quinn@yopmail.com,Arlina.Quinn@gmail.com,doctor
614,Camile,Westphal,Camile.Westphal@yopmail.com,Camile.Westphal@gmail.com,firefighter
615,Zia,Bebe,Zia.Bebe@yopmail.com,Zia.Bebe@gmail.com,firefighter
616,Ira,Lane,Ira.Lane@yopmail.com,Ira.Lane@gmail.com,developer
617,Ardys,Riordan,Ardys.Riordan@yopmail.com,Ardys.Riordan@gmail.com,worker
618,Shauna,Liebermann,Shauna.Liebermann@yopmail.com,Shauna.Liebermann@gmail.com,doctor
619,Agnese,Belanger,Agnese.Belanger@yopmail.com,Agnese.Belanger@gmail.com,police officer
620,Nananne,Stuart,Nananne.Stuart@yopmail.com,Nananne.Stuart@gmail.com,worker
621,Merle,Travax,Merle.Travax@yopmail.com,Merle.Travax@gmail.com,doctor
622,Vanessa,Dominy,Vanessa.Dominy@yopmail.com,Vanessa.Dominy@gmail.com,doctor
623,Adore,Carlson,Adore.Carlson@yopmail.com,Adore.Carlson@gmail.com,firefighter
624,Raf,Dorothy,Raf.Dorothy@yopmail.com,Raf.Dorothy@gmail.com,firefighter
625,Gratia,Kare,Gratia.Kare@yopmail.com,Gratia.Kare@gmail.com,worker
626,Xylina,Gregrory,Xylina.Gregrory@yopmail.com,Xylina.Gregrory@gmail.com,police officer
627,Barbi,Fillbert,Barbi.Fillbert@yopmail.com,Barbi.Fillbert@gmail.com,police officer
628,Grier,Roscoe,Grier.Roscoe@yopmail.com,Grier.Roscoe@gmail.com,doctor
629,Dyann,Emanuel,Dyann.Emanuel@yopmail.com,Dyann.Emanuel@gmail.com,doctor
630,Wendi,Brian,Wendi.Brian@yopmail.com,Wendi.Brian@gmail.com,firefighter
631,Roxane,Quinn,Roxane.Quinn@yopmail.com,Roxane.Quinn@gmail.com,police officer
632,Collen,Ophelia,Collen.Ophelia@yopmail.com,Collen.Ophelia@gmail.com,police officer
633,Jinny,Lindemann,Jinny.Lindemann@yopmail.com,Jinny.Lindemann@gmail.com,firefighter
634,Agathe,Flyn,Agathe.Flyn@yopmail.com,Agathe.Flyn@gmail.com,firefighter
635,Linet,Reinke,Linet.Reinke@yopmail.com,Linet.Reinke@gmail.com,developer
636,Claresta,Berriman,Claresta.Berriman@yopmail.com,Claresta.Berriman@gmail.com,worker
637,Dale,Dorothy,Dale.Dorothy@yopmail.com,Dale.Dorothy@gmail.com,worker
638,Ezmeralda,Flyn,Ezmeralda.Flyn@yopmail.com,Ezmeralda.Flyn@gmail.com,developer
639,Hettie,O'Carroll,Hettie.O'Carroll@yopmail.com,Hettie.O'Carroll@gmail.com,firefighter
640,Hyacinthe,Wandie,Hyacinthe.Wandie@yopmail.com,Hyacinthe.Wandie@gmail.com,firefighter
641,Ezmeralda,Milson,Ezmeralda.Milson@yopmail.com,Ezmeralda.Milson@gmail.com,developer
642,Neila,Travax,Neila.Travax@yopmail.com,Neila.Travax@gmail.com,police officer
643,Gerianna,Jotham,Gerianna.Jotham@yopmail.com,Gerianna.Jotham@gmail.com,developer
644,Verla,Noman,Verla.Noman@yopmail.com,Verla.Noman@gmail.com,developer
645,Laure,Leler,Laure.Leler@yopmail.com,Laure.Leler@gmail.com,worker
646,Marylou,Orlene,Marylou.Orlene@yopmail.com,Marylou.Orlene@gmail.com,developer
647,Sindee,Mozelle,Sindee.Mozelle@yopmail.com,Sindee.Mozelle@gmail.com,firefighter
648,Codie,Berard,Codie.Berard@yopmail.com,Codie.Berard@gmail.com,firefighter
649,Nikki,Sisile,Nikki.Sisile@yopmail.com,Nikki.Sisile@gmail.com,doctor
650,Lulita,Harned,Lulita.Harned@yopmail.com,Lulita.Harned@gmail.com,developer
651,Marcelline,Rhu,Marcelline.Rhu@yopmail.com,Marcelline.Rhu@gmail.com,doctor
652,Dolli,Carolin,Dolli.Carolin@yopmail.com,Dolli.Carolin@gmail.com,firefighter
653,Blinni,Tound,Blinni.Tound@yopmail.com,Blinni.Tound@gmail.com,firefighter
654,Cathie,Drisko,Cathie.Drisko@yopmail.com,Cathie.Drisko@gmail.com,developer
655,Vinita,Dom,Vinita.Dom@yopmail.com,Vinita.Dom@gmail.com,developer
656,Alyda,Taima,Alyda.Taima@yopmail.com,Alyda.Taima@gmail.com,doctor
657,Melanie,Lipson,Melanie.Lipson@yopmail.com,Melanie.Lipson@gmail.com,worker
658,Kittie,Giff,Kittie.Giff@yopmail.com,Kittie.Giff@gmail.com,police officer
659,Stacey,Gombach,Stacey.Gombach@yopmail.com,Stacey.Gombach@gmail.com,firefighter
660,Blake,Vilma,Blake.Vilma@yopmail.com,Blake.Vilma@gmail.com,worker
661,Mady,Heidt,Mady.Heidt@yopmail.com,Mady.Heidt@gmail.com,police officer
662,Gretal,Paton,Gretal.Paton@yopmail.com,Gretal.Paton@gmail.com,firefighter
663,Jaime,McLaughlin,Jaime.McLaughlin@yopmail.com,Jaime.McLaughlin@gmail.com,doctor
664,Phylis,Monk,Phylis.Monk@yopmail.com,Phylis.Monk@gmail.com,doctor
665,Letizia,Vivle,Letizia.Vivle@yopmail.com,Letizia.Vivle@gmail.com,worker
666,Dawn,Herrera,Dawn.Herrera@yopmail.com,Dawn.Herrera@gmail.com,developer
667,Sabina,Callista,Sabina.Callista@yopmail.com,Sabina.Callista@gmail.com,doctor
668,Chastity,Cherianne,Chastity.Cherianne@yopmail.com,Chastity.Cherianne@gmail.com,firefighter
669,Fanchon,LaRue,Fanchon.LaRue@yopmail.com,Fanchon.LaRue@gmail.com,police officer
670,Adriana,Garek,Adriana.Garek@yopmail.com,Adriana.Garek@gmail.com,worker
671,Raina,Delp,Raina.Delp@yopmail.com,Raina.Delp@gmail.com,worker
672,Meghann,Parette,Meghann.Parette@yopmail.com,Meghann.Parette@gmail.com,worker
673,Valera,Edison,Valera.Edison@yopmail.com,Valera.Edison@gmail.com,police officer
674,Viki,Shirberg,Viki.Shirberg@yopmail.com,Viki.Shirberg@gmail.com,developer
675,Kimberley,Vastah,Kimberley.Vastah@yopmail.com,Kimberley.Vastah@gmail.com,firefighter
676,Marsiella,Trinetta,Marsiella.Trinetta@yopmail.com,Marsiella.Trinetta@gmail.com,worker
677,Carmela,Xerxes,Carmela.Xerxes@yopmail.com,Carmela.Xerxes@gmail.com,doctor
678,Ardenia,Taima,Ardenia.Taima@yopmail.com,Ardenia.Taima@gmail.com,firefighter
679,Hallie,Abram,Hallie.Abram@yopmail.com,Hallie.Abram@gmail.com,police officer
680,Concettina,Frendel,Concettina.Frendel@yopmail.com,Concettina.Frendel@gmail.com,firefighter
681,Roxane,Ummersen,Roxane.Ummersen@yopmail.com,Roxane.Ummersen@gmail.com,police officer
682,Reeba,Meli,Reeba.Meli@yopmail.com,Reeba.Meli@gmail.com,developer
683,Lilith,Letsou,Lilith.Letsou@yopmail.com,Lilith.Letsou@gmail.com,worker
684,Pierette,LaRue,Pierette.LaRue@yopmail.com,Pierette.LaRue@gmail.com,police officer
685,Annabela,Raffo,Annabela.Raffo@yopmail.com,Annabela.Raffo@gmail.com,police officer
686,Tracey,Reinke,Tracey.Reinke@yopmail.com,Tracey.Reinke@gmail.com,developer
687,Modestia,Sparhawk,Modestia.Sparhawk@yopmail.com,Modestia.Sparhawk@gmail.com,firefighter
688,Verla,Bandeen,Verla.Bandeen@yopmail.com,Verla.Bandeen@gmail.com,firefighter
689,Nita,Kelula,Nita.Kelula@yopmail.com,Nita.Kelula@gmail.com,firefighter
690,Ketti,Rosemary,Ketti.Rosemary@yopmail.com,Ketti.Rosemary@gmail.com,worker
691,Dode,Elephus,Dode.Elephus@yopmail.com,Dode.Elephus@gmail.com,firefighter
692,Binny,Old,Binny.Old@yopmail.com,Binny.Old@gmail.com,developer
693,Annabela,Denis,Annabela.Denis@yopmail.com,Annabela.Denis@gmail.com,worker
694,Madelle,Crudden,Madelle.Crudden@yopmail.com,Madelle.Crudden@gmail.com,police officer
695,Dolli,Stelle,Dolli.Stelle@yopmail.com,Dolli.Stelle@gmail.com,doctor
696,Edee,Afton,Edee.Afton@yopmail.com,Edee.Afton@gmail.com,police officer
697,Kelly,Skurnik,Kelly.Skurnik@yopmail.com,Kelly.Skurnik@gmail.com,doctor
698,Kore,Pillsbury,Kore.Pillsbury@yopmail.com,Kore.Pillsbury@gmail.com,developer
699,Myrtice,Flita,Myrtice.Flita@yopmail.com,Myrtice.Flita@gmail.com,firefighter
700,Tabbatha,Denis,Tabbatha.Denis@yopmail.com,Tabbatha.Denis@gmail.com,worker
701,Edee,Sadowski,Edee.Sadowski@yopmail.com,Edee.Sadowski@gmail.com,police officer
702,Catharine,Nahum,Catharine.Nahum@yopmail.com,Catharine.Nahum@gmail.com,worker
703,Vinita,Hurley,Vinita.Hurley@yopmail.com,Vinita.Hurley@gmail.com,developer
704,Winifred,Ferino,Winifred.Ferino@yopmail.com,Winifred.Ferino@gmail.com,police officer
705,Mallory,Means,Mallory.Means@yopmail.com,Mallory.Means@gmail.com,worker
706,Priscilla,Lane,Priscilla.Lane@yopmail.com,Priscilla.Lane@gmail.com,doctor
707,Shaine,Merat,Shaine.Merat@yopmail.com,Shaine.Merat@gmail.com,worker
708,Kerrin,Vernier,Kerrin.Vernier@yopmail.com,Kerrin.Vernier@gmail.com,doctor
709,Elvira,Wilona,Elvira.Wilona@yopmail.com,Elvira.Wilona@gmail.com,developer
710,Bee,Monaco,Bee.Monaco@yopmail.com,Bee.Monaco@gmail.com,developer
711,Robbi,Eldrid,Robbi.Eldrid@yopmail.com,Robbi.Eldrid@gmail.com,firefighter
712,Hallie,Stefa,Hallie.Stefa@yopmail.com,Hallie.Stefa@gmail.com,firefighter
713,Fred,Carleen,Fred.Carleen@yopmail.com,Fred.Carleen@gmail.com,worker
714,Gerianna,Marisa,Gerianna.Marisa@yopmail.com,Gerianna.Marisa@gmail.com,doctor
715,Zondra,Hollingsworth,Zondra.Hollingsworth@yopmail.com,Zondra.Hollingsworth@gmail.com,police officer
716,Kalina,Justinn,Kalina.Justinn@yopmail.com,Kalina.Justinn@gmail.com,developer
717,Alleen,Boycey,Alleen.Boycey@yopmail.com,Alleen.Boycey@gmail.com,doctor
718,Jacquetta,Ortrude,Jacquetta.Ortrude@yopmail.com,Jacquetta.Ortrude@gmail.com,developer
719,Melina,Brunell,Melina.Brunell@yopmail.com,Melina.Brunell@gmail.com,firefighter
720,Miquela,Richers,Miquela.Richers@yopmail.com,Miquela.Richers@gmail.com,police officer
721,Courtnay,Ambrosia,Courtnay.Ambrosia@yopmail.com,Courtnay.Ambrosia@gmail.com,firefighter
722,Sophia,Darbie,Sophia.Darbie@yopmail.com,Sophia.Darbie@gmail.com,developer
723,June,Nikaniki,June.Nikaniki@yopmail.com,June.Nikaniki@gmail.com,developer
724,Minne,Dosia,Minne.Dosia@yopmail.com,Minne.Dosia@gmail.com,developer
725,Elise,Verger,Elise.Verger@yopmail.com,Elise.Verger@gmail.com,worker
726,Alex,Carolin,Alex.Carolin@yopmail.com,Alex.Carolin@gmail.com,developer
727,Priscilla,Keily,Priscilla.Keily@yopmail.com,Priscilla.Keily@gmail.com,firefighter
728,Pollyanna,Darrell,Pollyanna.Darrell@yopmail.com,Pollyanna.Darrell@gmail.com,firefighter
729,Sibella,Koehler,Sibella.Koehler@yopmail.com,Sibella.Koehler@gmail.com,developer
730,Vinita,Cavan,Vinita.Cavan@yopmail.com,Vinita.Cavan@gmail.com,doctor
731,Heida,Amadas,Heida.Amadas@yopmail.com,Heida.Amadas@gmail.com,doctor
732,Aurore,Rosalba,Aurore.Rosalba@yopmail.com,Aurore.Rosalba@gmail.com,firefighter
733,Brietta,Schalles,Brietta.Schalles@yopmail.com,Brietta.Schalles@gmail.com,doctor
734,Jessy,Baudin,Jessy.Baudin@yopmail.com,Jessy.Baudin@gmail.com,developer
735,Doro,Rillings,Doro.Rillings@yopmail.com,Doro.Rillings@gmail.com,police officer
736,Ayn,Vacuva,Ayn.Vacuva@yopmail.com,Ayn.Vacuva@gmail.com,developer
737,Lonnie,Gahl,Lonnie.Gahl@yopmail.com,Lonnie.Gahl@gmail.com,doctor
738,Jaime,Holtz,Jaime.Holtz@yopmail.com,Jaime.Holtz@gmail.com,police officer
739,Tami,Concha,Tami.Concha@yopmail.com,Tami.Concha@gmail.com,worker
740,Anestassia,Sibyls,Anestassia.Sibyls@yopmail.com,Anestassia.Sibyls@gmail.com,worker
741,Constance,Percy,Constance.Percy@yopmail.com,Constance.Percy@gmail.com,developer
742,Tina,My,Tina.My@yopmail.com,Tina.My@gmail.com,worker
743,Kathi,Diann,Kathi.Diann@yopmail.com,Kathi.Diann@gmail.com,firefighter
744,Gerianna,Pierette,Gerianna.Pierette@yopmail.com,Gerianna.Pierette@gmail.com,police officer
745,Kaja,Chinua,Kaja.Chinua@yopmail.com,Kaja.Chinua@gmail.com,doctor
746,Althea,Delp,Althea.Delp@yopmail.com,Althea.Delp@gmail.com,police officer
747,Ariela,Lilybelle,Ariela.Lilybelle@yopmail.com,Ariela.Lilybelle@gmail.com,doctor
748,Stevana,Rolf,Stevana.Rolf@yopmail.com,Stevana.Rolf@gmail.com,firefighter
749,Alisha,Bebe,Alisha.Bebe@yopmail.com,Alisha.Bebe@gmail.com,developer
750,Trudie,Roche,Trudie.Roche@yopmail.com,Trudie.Roche@gmail.com,doctor
751,Michaelina,Dom,Michaelina.Dom@yopmail.com,Michaelina.Dom@gmail.com,firefighter
752,Yolane,Helfand,Yolane.Helfand@yopmail.com,Yolane.Helfand@gmail.com,firefighter
753,Ericka,Greenwald,Ericka.Greenwald@yopmail.com,Ericka.Greenwald@gmail.com,developer
754,Hayley,Noam,Hayley.Noam@yopmail.com,Hayley.Noam@gmail.com,worker
755,Blinni,Faro,Blinni.Faro@yopmail.com,Blinni.Faro@gmail.com,firefighter
756,Brooks,Schalles,Brooks.Schalles@yopmail.com,Brooks.Schalles@gmail.com,doctor
757,Petronia,Carlson,Petronia.Carlson@yopmail.com,Petronia.Carlson@gmail.com,firefighter
758,Carilyn,Wattenberg,Carilyn.Wattenberg@yopmail.com,Carilyn.Wattenberg@gmail.com,firefighter
759,Tilly,Lorenz,Tilly.Lorenz@yopmail.com,Tilly.Lorenz@gmail.com,developer
760,Kimberley,Sophronia,Kimberley.Sophronia@yopmail.com,Kimberley.Sophronia@gmail.com,developer
761,Vere,Marcellus,Vere.Marcellus@yopmail.com,Vere.Marcellus@gmail.com,firefighter
762,Belinda,McAdams,Belinda.McAdams@yopmail.com,Belinda.McAdams@gmail.com,doctor
763,Dacia,Stoller,Dacia.Stoller@yopmail.com,Dacia.Stoller@gmail.com,worker
764,Rubie,Read,Rubie.Read@yopmail.com,Rubie.Read@gmail.com,firefighter
765,Nickie,Tyson,Nickie.Tyson@yopmail.com,Nickie.Tyson@gmail.com,worker
766,Jaime,Bohlin,Jaime.Bohlin@yopmail.com,Jaime.Bohlin@gmail.com,police officer
767,Averyl,Philipp,Averyl.Philipp@yopmail.com,Averyl.Philipp@gmail.com,worker
768,Gwyneth,Fabiola,Gwyneth.Fabiola@yopmail.com,Gwyneth.Fabiola@gmail.com,firefighter
769,Joceline,O'Carroll,Joceline.O'Carroll@yopmail.com,Joceline.O'Carroll@gmail.com,worker
770,Lulita,Meter,Lulita.Meter@yopmail.com,Lulita.Meter@gmail.com,developer
771,Meriel,Sheedy,Meriel.Sheedy@yopmail.com,Meriel.Sheedy@gmail.com,firefighter
772,Ottilie,Urania,Ottilie.Urania@yopmail.com,Ottilie.Urania@gmail.com,doctor
773,Gerrie,Gabrielli,Gerrie.Gabrielli@yopmail.com,Gerrie.Gabrielli@gmail.com,firefighter
774,Blinni,Janith,Blinni.Janith@yopmail.com,Blinni.Janith@gmail.com,worker
775,Taffy,Delp,Taffy.Delp@yopmail.com,Taffy.Delp@gmail.com,firefighter
776,Dianemarie,Jehu,Dianemarie.Jehu@yopmail.com,Dianemarie.Jehu@gmail.com,firefighter
777,Patricia,Caitlin,Patricia.Caitlin@yopmail.com,Patricia.Caitlin@gmail.com,firefighter
778,Kassey,Harriman,Kassey.Harriman@yopmail.com,Kassey.Harriman@gmail.com,police officer
779,Shaine,Carlson,Shaine.Carlson@yopmail.com,Shaine.Carlson@gmail.com,doctor
780,Aeriela,Goldina,Aeriela.Goldina@yopmail.com,Aeriela.Goldina@gmail.com,developer
781,Tersina,Thad,Tersina.Thad@yopmail.com,Tersina.Thad@gmail.com,firefighter
782,Tilly,Vittoria,Tilly.Vittoria@yopmail.com,Tilly.Vittoria@gmail.com,developer
783,Justinn,Alfons,Justinn.Alfons@yopmail.com,Justinn.Alfons@gmail.com,doctor
784,Zsa Zsa,Tannie,Zsa Zsa.Tannie@yopmail.com,Zsa Zsa.Tannie@gmail.com,firefighter
785,Lita,Giff,Lita.Giff@yopmail.com,Lita.Giff@gmail.com,doctor
786,Hildegaard,Lenny,Hildegaard.Lenny@yopmail.com,Hildegaard.Lenny@gmail.com,doctor
787,Farrah,Bashemeth,Farrah.Bashemeth@yopmail.com,Farrah.Bashemeth@gmail.com,developer
788,Jillayne,Wenoa,Jillayne.Wenoa@yopmail.com,Jillayne.Wenoa@gmail.com,police officer
789,Amelia,Atcliffe,Amelia.Atcliffe@yopmail.com,Amelia.Atcliffe@gmail.com,firefighter
790,Mary,Dielu,Mary.Dielu@yopmail.com,Mary.Dielu@gmail.com,developer
791,Lita,Sammons,Lita.Sammons@yopmail.com,Lita.Sammons@gmail.com,worker
792,Diena,Bethany,Diena.Bethany@yopmail.com,Diena.Bethany@gmail.com,doctor
793,Evita,Korey,Evita.Korey@yopmail.com,Evita.Korey@gmail.com,police officer
794,Lucille,Zaslow,Lucille.Zaslow@yopmail.com,Lucille.Zaslow@gmail.com,developer
795,Karlee,Corabella,Karlee.Corabella@yopmail.com,Karlee.Corabella@gmail.com,doctor
796,Karly,Chabot,Karly.Chabot@yopmail.com,Karly.Chabot@gmail.com,firefighter
797,Beverley,Hermes,Beverley.Hermes@yopmail.com,Beverley.Hermes@gmail.com,developer
798,Jordan,Blisse,Jordan.Blisse@yopmail.com,Jordan.Blisse@gmail.com,police officer
799,Cherilyn,Tiffa,Cherilyn.Tiffa@yopmail.com,Cherilyn.Tiffa@gmail.com,doctor
800,Roxane,Nore,Roxane.Nore@yopmail.com,Roxane.Nore@gmail.com,developer
801,Raina,Wandie,Raina.Wandie@yopmail.com,Raina.Wandie@gmail.com,developer
802,Peri,Maribeth,Peri.Maribeth@yopmail.com,Peri.Maribeth@gmail.com,worker
803,Claresta,Crudden,Claresta.Crudden@yopmail.com,Claresta.Crudden@gmail.com,developer
804,Riannon,Gino,Riannon.Gino@yopmail.com,Riannon.Gino@gmail.com,doctor
805,Dominga,Valoniah,Dominga.Valoniah@yopmail.com,Dominga.Valoniah@gmail.com,firefighter
806,Fayre,Firmin,Fayre.Firmin@yopmail.com,Fayre.Firmin@gmail.com,police officer
807,Corene,Amadas,Corene.Amadas@yopmail.com,Corene.Amadas@gmail.com,firefighter
808,Mariele,Bartlett,Mariele.Bartlett@yopmail.com,Mariele.Bartlett@gmail.com,firefighter
809,Paola,Darian,Paola.Darian@yopmail.com,Paola.Darian@gmail.com,firefighter
810,Kamilah,Juan,Kamilah.Juan@yopmail.com,Kamilah.Juan@gmail.com,worker
811,Petronia,Tillford,Petronia.Tillford@yopmail.com,Petronia.Tillford@gmail.com,firefighter
812,Trudie,Thomasina,Trudie.Thomasina@yopmail.com,Trudie.Thomasina@gmail.com,doctor
813,Karlee,Yoko,Karlee.Yoko@yopmail.com,Karlee.Yoko@gmail.com,firefighter
814,Oona,McCutcheon,Oona.McCutcheon@yopmail.com,Oona.McCutcheon@gmail.com,doctor
815,Katharina,Morehouse,Katharina.Morehouse@yopmail.com,Katharina.Morehouse@gmail.com,firefighter
816,Jerry,Laurianne,Jerry.Laurianne@yopmail.com,Jerry.Laurianne@gmail.com,developer
817,Johna,Thad,Johna.Thad@yopmail.com,Johna.Thad@gmail.com,doctor
818,Mathilda,Willie,Mathilda.Willie@yopmail.com,Mathilda.Willie@gmail.com,worker
819,Oralee,Barbey,Oralee.Barbey@yopmail.com,Oralee.Barbey@gmail.com,developer
820,Gilligan,Stanwood,Gilligan.Stanwood@yopmail.com,Gilligan.Stanwood@gmail.com,firefighter
821,Chickie,Argus,Chickie.Argus@yopmail.com,Chickie.Argus@gmail.com,firefighter
822,Luci,Pip,Luci.Pip@yopmail.com,Luci.Pip@gmail.com,worker
823,Arabel,August,Arabel.August@yopmail.com,Arabel.August@gmail.com,firefighter
824,Binny,Gilmour,Binny.Gilmour@yopmail.com,Binny.Gilmour@gmail.com,firefighter
825,Charmaine,Abernon,Charmaine.Abernon@yopmail.com,Charmaine.Abernon@gmail.com,worker
826,Natka,Brackely,Natka.Brackely@yopmail.com,Natka.Brackely@gmail.com,firefighter
827,Ingrid,Greenwald,Ingrid.Greenwald@yopmail.com,Ingrid.Greenwald@gmail.com,firefighter
828,Shel,Kendrick,Shel.Kendrick@yopmail.com,Shel.Kendrick@gmail.com,firefighter
829,Michaelina,Cath,Michaelina.Cath@yopmail.com,Michaelina.Cath@gmail.com,police officer
830,Kamilah,Telfer,Kamilah.Telfer@yopmail.com,Kamilah.Telfer@gmail.com,firefighter
831,Jenilee,Dahlia,Jenilee.Dahlia@yopmail.com,Jenilee.Dahlia@gmail.com,developer
832,Vonny,Dielu,Vonny.Dielu@yopmail.com,Vonny.Dielu@gmail.com,doctor
833,Elena,Guthrie,Elena.Guthrie@yopmail.com,Elena.Guthrie@gmail.com,worker
834,Ebonee,Norrie,Ebonee.Norrie@yopmail.com,Ebonee.Norrie@gmail.com,doctor
835,Aurore,Callista,Aurore.Callista@yopmail.com,Aurore.Callista@gmail.com,developer
836,Danny,Jalbert,Danny.Jalbert@yopmail.com,Danny.Jalbert@gmail.com,firefighter
837,Briney,Sparhawk,Briney.Sparhawk@yopmail.com,Briney.Sparhawk@gmail.com,doctor
838,Rayna,Jeanne,Rayna.Jeanne@yopmail.com,Rayna.Jeanne@gmail.com,firefighter
839,Viviene,Donoghue,Viviene.Donoghue@yopmail.com,Viviene.Donoghue@gmail.com,doctor
840,Sashenka,Obed,Sashenka.Obed@yopmail.com,Sashenka.Obed@gmail.com,firefighter
841,Bibby,Arvo,Bibby.Arvo@yopmail.com,Bibby.Arvo@gmail.com,firefighter
842,Hettie,Alabaster,Hettie.Alabaster@yopmail.com,Hettie.Alabaster@gmail.com,worker
843,Valli,Aaberg,Valli.Aaberg@yopmail.com,Valli.Aaberg@gmail.com,developer
844,Imojean,Vorster,Imojean.Vorster@yopmail.com,Imojean.Vorster@gmail.com,police officer
845,Margarette,Elo,Margarette.Elo@yopmail.com,Margarette.Elo@gmail.com,doctor
846,Florie,Leary,Florie.Leary@yopmail.com,Florie.Leary@gmail.com,police officer
847,Adore,Girardo,Adore.Girardo@yopmail.com,Adore.Girardo@gmail.com,firefighter
848,Antonietta,Rebecka,Antonietta.Rebecka@yopmail.com,Antonietta.Rebecka@gmail.com,firefighter
849,Fred,Love,Fred.Love@yopmail.com,Fred.Love@gmail.com,firefighter
850,Cyndie,Wesle,Cyndie.Wesle@yopmail.com,Cyndie.Wesle@gmail.com,doctor
851,Romona,Oster,Romona.Oster@yopmail.com,Romona.Oster@gmail.com,police officer
852,Gerrie,Turne,Gerrie.Turne@yopmail.com,Gerrie.Turne@gmail.com,firefighter
853,Rosene,Anastatius,Rosene.Anastatius@yopmail.com,Rosene.Anastatius@gmail.com,police officer
854,Bernardine,Evvie,Bernardine.Evvie@yopmail.com,Bernardine.Evvie@gmail.com,firefighter
855,Emilia,Wu,Emilia.Wu@yopmail.com,Emilia.Wu@gmail.com,worker
856,Rosene,Durware,Rosene.Durware@yopmail.com,Rosene.Durware@gmail.com,developer
857,Jany,Brackely,Jany.Brackely@yopmail.com,Jany.Brackely@gmail.com,developer
858,Hildegaard,Schonfeld,Hildegaard.Schonfeld@yopmail.com,Hildegaard.Schonfeld@gmail.com,police officer
859,Dorothy,Kevon,Dorothy.Kevon@yopmail.com,Dorothy.Kevon@gmail.com,doctor
860,Riannon,Georas,Riannon.Georas@yopmail.com,Riannon.Georas@gmail.com,worker
861,Anthia,Kazimir,Anthia.Kazimir@yopmail.com,Anthia.Kazimir@gmail.com,firefighter
862,Myriam,Tillford,Myriam.Tillford@yopmail.com,Myriam.Tillford@gmail.com,firefighter
863,Tonia,Georgy,Tonia.Georgy@yopmail.com,Tonia.Georgy@gmail.com,worker
864,Hettie,Keelia,Hettie.Keelia@yopmail.com,Hettie.Keelia@gmail.com,police officer
865,Ernesta,Cecile,Ernesta.Cecile@yopmail.com,Ernesta.Cecile@gmail.com,developer
866,Cam,Trinetta,Cam.Trinetta@yopmail.com,Cam.Trinetta@gmail.com,doctor
867,Atlanta,Dosia,Atlanta.Dosia@yopmail.com,Atlanta.Dosia@gmail.com,developer
868,Trudie,Aida,Trudie.Aida@yopmail.com,Trudie.Aida@gmail.com,doctor
869,Katleen,Bryna,Katleen.Bryna@yopmail.com,Katleen.Bryna@gmail.com,worker
870,Adore,Burch,Adore.Burch@yopmail.com,Adore.Burch@gmail.com,firefighter
871,Adriana,Celestine,Adriana.Celestine@yopmail.com,Adriana.Celestine@gmail.com,developer
872,Dorothy,Peg,Dorothy.Peg@yopmail.com,Dorothy.Peg@gmail.com,doctor
873,Kalina,Janith,Kalina.Janith@yopmail.com,Kalina.Janith@gmail.com,firefighter
874,Tarra,Infield,Tarra.Infield@yopmail.com,Tarra.Infield@gmail.com,worker
875,Liana,Yorick,Liana.Yorick@yopmail.com,Liana.Yorick@gmail.com,firefighter
876,Christian,Chobot,Christian.Chobot@yopmail.com,Christian.Chobot@gmail.com,firefighter
877,Etta,Cynar,Etta.Cynar@yopmail.com,Etta.Cynar@gmail.com,police officer
878,Taffy,Luhe,Taffy.Luhe@yopmail.com,Taffy.Luhe@gmail.com,developer
879,Minne,Olympium,Minne.Olympium@yopmail.com,Minne.Olympium@gmail.com,worker
880,Giustina,Garbe,Giustina.Garbe@yopmail.com,Giustina.Garbe@gmail.com,firefighter
881,Ethel,Primalia,Ethel.Primalia@yopmail.com,Ethel.Primalia@gmail.com,worker
882,Kary,Gilmour,Kary.Gilmour@yopmail.com,Kary.Gilmour@gmail.com,doctor
883,Lelah,Craggie,Lelah.Craggie@yopmail.com,Lelah.Craggie@gmail.com,developer
884,Rozele,Vivle,Rozele.Vivle@yopmail.com,Rozele.Vivle@gmail.com,doctor
885,Genovera,Craggie,Genovera.Craggie@yopmail.com,Genovera.Craggie@gmail.com,police officer
886,Catrina,Seessel,Catrina.Seessel@yopmail.com,Catrina.Seessel@gmail.com,developer
887,Maye,Publia,Maye.Publia@yopmail.com,Maye.Publia@gmail.com,firefighter
888,Odessa,Cornelia,Odessa.Cornelia@yopmail.com,Odessa.Cornelia@gmail.com,firefighter
889,Ninnetta,Romelda,Ninnetta.Romelda@yopmail.com,Ninnetta.Romelda@gmail.com,police officer
890,Valli,Ledah,Valli.Ledah@yopmail.com,Valli.Ledah@gmail.com,developer
891,Ulrike,Douglass,Ulrike.Douglass@yopmail.com,Ulrike.Douglass@gmail.com,firefighter
892,Clementine,Evangelia,Clementine.Evangelia@yopmail.com,Clementine.Evangelia@gmail.com,police officer
893,Orelia,Karl,Orelia.Karl@yopmail.com,Orelia.Karl@gmail.com,police officer
894,Sheelagh,Dannye,Sheelagh.Dannye@yopmail.com,Sheelagh.Dannye@gmail.com,firefighter
895,Jillayne,Khorma,Jillayne.Khorma@yopmail.com,Jillayne.Khorma@gmail.com,developer
896,Linzy,Teddman,Linzy.Teddman@yopmail.com,Linzy.Teddman@gmail.com,worker
897,Cam,Cyrie,Cam.Cyrie@yopmail.com,Cam.Cyrie@gmail.com,police officer
898,Ginnie,Briney,Ginnie.Briney@yopmail.com,Ginnie.Briney@gmail.com,police officer
899,Lucille,Yusuk,Lucille.Yusuk@yopmail.com,Lucille.Yusuk@gmail.com,doctor
900,Cassondra,Papageno,Cassondra.Papageno@yopmail.com,Cassondra.Papageno@gmail.com,doctor
901,Jacenta,Sothena,Jacenta.Sothena@yopmail.com,Jacenta.Sothena@gmail.com,worker
902,Babita,Ivens,Babita.Ivens@yopmail.com,Babita.Ivens@gmail.com,firefighter
903,Tobe,Kendrick,Tobe.Kendrick@yopmail.com,Tobe.Kendrick@gmail.com,doctor
904,Vonny,Killigrew,Vonny.Killigrew@yopmail.com,Vonny.Killigrew@gmail.com,police officer
905,Sadie,Quent,Sadie.Quent@yopmail.com,Sadie.Quent@gmail.com,worker
906,Merry,Amasa,Merry.Amasa@yopmail.com,Merry.Amasa@gmail.com,police officer
907,Hayley,Cath,Hayley.Cath@yopmail.com,Hayley.Cath@gmail.com,developer
908,Paulita,Lewes,Paulita.Lewes@yopmail.com,Paulita.Lewes@gmail.com,firefighter
909,Lynea,Saint,Lynea.Saint@yopmail.com,Lynea.Saint@gmail.com,firefighter
910,Tressa,Shaver,Tressa.Shaver@yopmail.com,Tressa.Shaver@gmail.com,developer
911,Dorothy,Schlosser,Dorothy.Schlosser@yopmail.com,Dorothy.Schlosser@gmail.com,police officer
912,Betta,Valerio,Betta.Valerio@yopmail.com,Betta.Valerio@gmail.com,worker
913,Thalia,Elo,Thalia.Elo@yopmail.com,Thalia.Elo@gmail.com,police officer
914,Daune,Myrilla,Daune.Myrilla@yopmail.com,Daune.Myrilla@gmail.com,doctor
915,Joy,Bury,Joy.Bury@yopmail.com,Joy.Bury@gmail.com,developer
916,Ivett,Auberbach,Ivett.Auberbach@yopmail.com,Ivett.Auberbach@gmail.com,police officer
917,Louella,Eachern,Louella.Eachern@yopmail.com,Louella.Eachern@gmail.com,developer
918,Korrie,Zola,Korrie.Zola@yopmail.com,Korrie.Zola@gmail.com,police officer
919,Livvyy,Libna,Livvyy.Libna@yopmail.com,Livvyy.Libna@gmail.com,police officer
920,Amara,Abernon,Amara.Abernon@yopmail.com,Amara.Abernon@gmail.com,firefighter
921,Jorry,Jerold,Jorry.Jerold@yopmail.com,Jorry.Jerold@gmail.com,worker
922,Candy,Durware,Candy.Durware@yopmail.com,Candy.Durware@gmail.com,doctor
923,Korrie,Keelia,Korrie.Keelia@yopmail.com,Korrie.Keelia@gmail.com,doctor
924,Charissa,Timon,Charissa.Timon@yopmail.com,Charissa.Timon@gmail.com,worker
925,Shaylyn,Kevon,Shaylyn.Kevon@yopmail.com,Shaylyn.Kevon@gmail.com,doctor
926,Nadine,Wallis,Nadine.Wallis@yopmail.com,Nadine.Wallis@gmail.com,doctor
927,Dawn,Delacourt,Dawn.Delacourt@yopmail.com,Dawn.Delacourt@gmail.com,developer
928,Kellen,Behre,Kellen.Behre@yopmail.com,Kellen.Behre@gmail.com,developer
929,Lynnea,Elisha,Lynnea.Elisha@yopmail.com,Lynnea.Elisha@gmail.com,developer
930,Kathy,Stav,Kathy.Stav@yopmail.com,Kathy.Stav@gmail.com,firefighter
931,Grier,Revkah,Grier.Revkah@yopmail.com,Grier.Revkah@gmail.com,developer
932,Amii,Cadmar,Amii.Cadmar@yopmail.com,Amii.Cadmar@gmail.com,developer
933,Phylis,Persse,Phylis.Persse@yopmail.com,Phylis.Persse@gmail.com,developer
934,Ardeen,Eiser,Ardeen.Eiser@yopmail.com,Ardeen.Eiser@gmail.com,worker
935,Antonietta,Secrest,Antonietta.Secrest@yopmail.com,Antonietta.Secrest@gmail.com,doctor
936,Jennica,Liva,Jennica.Liva@yopmail.com,Jennica.Liva@gmail.com,police officer
937,Vevay,Faro,Vevay.Faro@yopmail.com,Vevay.Faro@gmail.com,police officer
938,Wilma,Corrine,Wilma.Corrine@yopmail.com,Wilma.Corrine@gmail.com,worker
939,Alia,Decato,Alia.Decato@yopmail.com,Alia.Decato@gmail.com,police officer
940,Dorthy,Velick,Dorthy.Velick@yopmail.com,Dorthy.Velick@gmail.com,worker
941,Alexine,Aaberg,Alexine.Aaberg@yopmail.com,Alexine.Aaberg@gmail.com,police officer
942,Danika,Diogenes,Danika.Diogenes@yopmail.com,Danika.Diogenes@gmail.com,worker
943,Cristabel,Sundin,Cristabel.Sundin@yopmail.com,Cristabel.Sundin@gmail.com,doctor
944,Britni,Ietta,Britni.Ietta@yopmail.com,Britni.Ietta@gmail.com,firefighter
945,Lorie,Dulciana,Lorie.Dulciana@yopmail.com,Lorie.Dulciana@gmail.com,developer
946,Yolane,Ethban,Yolane.Ethban@yopmail.com,Yolane.Ethban@gmail.com,firefighter
947,Renie,Ralfston,Renie.Ralfston@yopmail.com,Renie.Ralfston@gmail.com,firefighter
948,Renae,Iaverne,Renae.Iaverne@yopmail.com,Renae.Iaverne@gmail.com,developer
949,Alex,Gilmour,Alex.Gilmour@yopmail.com,Alex.Gilmour@gmail.com,doctor
950,Fredericka,Carbo,Fredericka.Carbo@yopmail.com,Fredericka.Carbo@gmail.com,doctor
951,Gilligan,Cristi,Gilligan.Cristi@yopmail.com,Gilligan.Cristi@gmail.com,developer
952,Lynnea,Giule,Lynnea.Giule@yopmail.com,Lynnea.Giule@gmail.com,firefighter
953,Damaris,Sibyls,Damaris.Sibyls@yopmail.com,Damaris.Sibyls@gmail.com,police officer
954,Camile,Soneson,Camile.Soneson@yopmail.com,Camile.Soneson@gmail.com,developer
955,Fidelia,Brittani,Fidelia.Brittani@yopmail.com,Fidelia.Brittani@gmail.com,firefighter
956,Nariko,Stav,Nariko.Stav@yopmail.com,Nariko.Stav@gmail.com,doctor
957,Clarice,Sabella,Clarice.Sabella@yopmail.com,Clarice.Sabella@gmail.com,firefighter
958,Hettie,Jalbert,Hettie.Jalbert@yopmail.com,Hettie.Jalbert@gmail.com,police officer
959,Florie,Sophronia,Florie.Sophronia@yopmail.com,Florie.Sophronia@gmail.com,firefighter
960,Robbi,Lilas,Robbi.Lilas@yopmail.com,Robbi.Lilas@gmail.com,firefighter
961,Sara-Ann,Georas,Sara-Ann.Georas@yopmail.com,Sara-Ann.Georas@gmail.com,firefighter
962,Robinia,Stacy,Robinia.Stacy@yopmail.com,Robinia.Stacy@gmail.com,worker
963,Myrtice,Hermes,Myrtice.Hermes@yopmail.com,Myrtice.Hermes@gmail.com,developer
964,Imojean,Hunfredo,Imojean.Hunfredo@yopmail.com,Imojean.Hunfredo@gmail.com,worker
965,Robbi,Macey,Robbi.Macey@yopmail.com,Robbi.Macey@gmail.com,police officer
966,Aili,Audly,Aili.Audly@yopmail.com,Aili.Audly@gmail.com,firefighter
967,Sophia,Drisko,Sophia.Drisko@yopmail.com,Sophia.Drisko@gmail.com,developer
968,Maye,Jammal,Maye.Jammal@yopmail.com,Maye.Jammal@gmail.com,police officer
969,Lusa,Ledah,Lusa.Ledah@yopmail.com,Lusa.Ledah@gmail.com,doctor
970,Delilah,Vharat,Delilah.Vharat@yopmail.com,Delilah.Vharat@gmail.com,doctor
971,Barbara,Jehu,Barbara.Jehu@yopmail.com,Barbara.Jehu@gmail.com,developer
972,Juliane,Capello,Juliane.Capello@yopmail.com,Juliane.Capello@gmail.com,doctor
973,Clementine,Letsou,Clementine.Letsou@yopmail.com,Clementine.Letsou@gmail.com,worker
974,Alexine,Mott,Alexine.Mott@yopmail.com,Alexine.Mott@gmail.com,developer
975,Viviene,Chick,Viviene.Chick@yopmail.com,Viviene.Chick@gmail.com,police officer
976,Lynde,Selway,Lynde.Selway@yopmail.com,Lynde.Selway@gmail.com,firefighter
977,Christal,Yerkovich,Christal.Yerkovich@yopmail.com,Christal.Yerkovich@gmail.com,firefighter
978,Trixi,Olympium,Trixi.Olympium@yopmail.com,Trixi.Olympium@gmail.com,doctor
979,Ilse,Emerson,Ilse.Emerson@yopmail.com,Ilse.Emerson@gmail.com,police officer
980,Verla,Papageno,Verla.Papageno@yopmail.com,Verla.Papageno@gmail.com,worker
981,Basia,Juliet,Basia.Juliet@yopmail.com,Basia.Juliet@gmail.com,police officer
982,Melanie,Bluh,Melanie.Bluh@yopmail.com,Melanie.Bluh@gmail.com,developer
983,Di,Fitzsimmons,Di.Fitzsimmons@yopmail.com,Di.Fitzsimmons@gmail.com,developer
984,Marjie,Presber,Marjie.Presber@yopmail.com,Marjie.Presber@gmail.com,police officer
985,Nataline,Virgin,Nataline.Virgin@yopmail.com,Nataline.Virgin@gmail.com,developer
986,Taffy,Dannye,Taffy.Dannye@yopmail.com,Taffy.Dannye@gmail.com,developer
987,Fidelia,Bivins,Fidelia.Bivins@yopmail.com,Fidelia.Bivins@gmail.com,worker
988,Meriel,Toni,Meriel.Toni@yopmail.com,Meriel.Toni@gmail.com,doctor
989,Loree,Eno,Loree.Eno@yopmail.com,Loree.Eno@gmail.com,firefighter
990,Dione,Erskine,Dione.Erskine@yopmail.com,Dione.Erskine@gmail.com,doctor
991,Ernesta,Beebe,Ernesta.Beebe@yopmail.com,Ernesta.Beebe@gmail.com,police officer
992,Leanna,Dyche,Leanna.Dyche@yopmail.com,Leanna.Dyche@gmail.com,doctor
993,Jasmina,Sherfield,Jasmina.Sherfield@yopmail.com,Jasmina.Sherfield@gmail.com,developer
994,Binny,Terrence,Binny.Terrence@yopmail.com,Binny.Terrence@gmail.com,doctor
995,Britte,Alexandr,Britte.Alexandr@yopmail.com,Britte.Alexandr@gmail.com,doctor
996,Marylou,Edison,Marylou.Edison@yopmail.com,Marylou.Edison@gmail.com,firefighter
997,Justinn,Adore,Justinn.Adore@yopmail.com,Justinn.Adore@gmail.com,firefighter
998,Jere,Lalitta,Jere.Lalitta@yopmail.com,Jere.Lalitta@gmail.com,worker
999,Pollyanna,Ephrem,Pollyanna.Ephrem@yopmail.com,Pollyanna.Ephrem@gmail.com,developer
1000,Anthia,Adrienne,Anthia.Adrienne@yopmail.com,Anthia.Adrienne@gmail.com,worker
1001,Shell,Callista,Shell.Callista@yopmail.com,Shell.Callista@gmail.com,police officer
1002,Amelia,Haymes,Amelia.Haymes@yopmail.com,Amelia.Haymes@gmail.com,doctor
1003,Inga,Leffen,Inga.Leffen@yopmail.com,Inga.Leffen@gmail.com,police officer
1004,Tressa,Granoff,Tressa.Granoff@yopmail.com,Tressa.Granoff@gmail.com,police officer
1005,Joelly,Maisey,Joelly.Maisey@yopmail.com,Joelly.Maisey@gmail.com,worker
1006,Marguerite,Tippets,Marguerite.Tippets@yopmail.com,Marguerite.Tippets@gmail.com,worker
1007,Dotty,Matthew,Dotty.Matthew@yopmail.com,Dotty.Matthew@gmail.com,police officer
1008,Modestia,Ajay,Modestia.Ajay@yopmail.com,Modestia.Ajay@gmail.com,doctor
1009,Gabriellia,Brittani,Gabriellia.Brittani@yopmail.com,Gabriellia.Brittani@gmail.com,doctor
1010,Netty,Thornburg,Netty.Thornburg@yopmail.com,Netty.Thornburg@gmail.com,police officer
1011,Gaylene,Fink,Gaylene.Fink@yopmail.com,Gaylene.Fink@gmail.com,firefighter
1012,Sonni,Hoban,Sonni.Hoban@yopmail.com,Sonni.Hoban@gmail.com,doctor
1013,Fina,Margret,Fina.Margret@yopmail.com,Fina.Margret@gmail.com,doctor
1014,Aubrie,Mallon,Aubrie.Mallon@yopmail.com,Aubrie.Mallon@gmail.com,worker
1015,Mildrid,Kosey,Mildrid.Kosey@yopmail.com,Mildrid.Kosey@gmail.com,worker
1016,Joceline,Graig,Joceline.Graig@yopmail.com,Joceline.Graig@gmail.com,developer
1017,Courtnay,Gunn,Courtnay.Gunn@yopmail.com,Courtnay.Gunn@gmail.com,developer
1018,Annora,Latini,Annora.Latini@yopmail.com,Annora.Latini@gmail.com,worker
1019,Abbie,Guildroy,Abbie.Guildroy@yopmail.com,Abbie.Guildroy@gmail.com,worker
1020,Paule,Malvino,Paule.Malvino@yopmail.com,Paule.Malvino@gmail.com,developer
1021,Tobe,Saunderson,Tobe.Saunderson@yopmail.com,Tobe.Saunderson@gmail.com,developer
1022,Kassey,Wallis,Kassey.Wallis@yopmail.com,Kassey.Wallis@gmail.com,doctor
1023,Chere,Edison,Chere.Edison@yopmail.com,Chere.Edison@gmail.com,police officer
1024,Regina,Iphlgenia,Regina.Iphlgenia@yopmail.com,Regina.Iphlgenia@gmail.com,firefighter
1025,Drucie,Adalbert,Drucie.Adalbert@yopmail.com,Drucie.Adalbert@gmail.com,police officer
1026,Jennica,Lewes,Jennica.Lewes@yopmail.com,Jennica.Lewes@gmail.com,developer
1027,Suzette,Noman,Suzette.Noman@yopmail.com,Suzette.Noman@gmail.com,worker
1028,Joeann,Ioab,Joeann.Ioab@yopmail.com,Joeann.Ioab@gmail.com,doctor
1029,Chastity,Pond,Chastity.Pond@yopmail.com,Chastity.Pond@gmail.com,developer
1030,Penelopa,Slifka,Penelopa.Slifka@yopmail.com,Penelopa.Slifka@gmail.com,doctor
1031,Gaylene,Maxi,Gaylene.Maxi@yopmail.com,Gaylene.Maxi@gmail.com,police officer
1032,Ashlee,Even,Ashlee.Even@yopmail.com,Ashlee.Even@gmail.com,doctor
1033,Eadie,Audly,Eadie.Audly@yopmail.com,Eadie.Audly@gmail.com,developer
1034,Andree,Pyle,Andree.Pyle@yopmail.com,Andree.Pyle@gmail.com,developer
1035,Jere,Herrera,Jere.Herrera@yopmail.com,Jere.Herrera@gmail.com,developer
1036,Tami,Moina,Tami.Moina@yopmail.com,Tami.Moina@gmail.com,developer
1037,Carly,Ashok,Carly.Ashok@yopmail.com,Carly.Ashok@gmail.com,worker
1038,Carolina,Pillsbury,Carolina.Pillsbury@yopmail.com,Carolina.Pillsbury@gmail.com,firefighter
1039,Sharlene,Ashely,Sharlene.Ashely@yopmail.com,Sharlene.Ashely@gmail.com,firefighter
1040,Berta,Mathilde,Berta.Mathilde@yopmail.com,Berta.Mathilde@gmail.com,doctor
1041,Genovera,Sandye,Genovera.Sandye@yopmail.com,Genovera.Sandye@gmail.com,police officer
1042,Christal,Jary,Christal.Jary@yopmail.com,Christal.Jary@gmail.com,doctor
1043,Lauryn,Morehouse,Lauryn.Morehouse@yopmail.com,Lauryn.Morehouse@gmail.com,developer
1044,Katleen,O'Neill,Katleen.O'Neill@yopmail.com,Katleen.O'Neill@gmail.com,police officer
1045,Queenie,Nance,Queenie.Nance@yopmail.com,Queenie.Nance@gmail.com,worker
1046,Edyth,Nester,Edyth.Nester@yopmail.com,Edyth.Nester@gmail.com,firefighter
1047,Lacie,Merell,Lacie.Merell@yopmail.com,Lacie.Merell@gmail.com,police officer
1048,Valli,Brotherson,Valli.Brotherson@yopmail.com,Valli.Brotherson@gmail.com,police officer
1049,Eve,Gaynor,Eve.Gaynor@yopmail.com,Eve.Gaynor@gmail.com,doctor
1050,Tiffie,Ball,Tiffie.Ball@yopmail.com,Tiffie.Ball@gmail.com,doctor
1051,Marcy,Revkah,Marcy.Revkah@yopmail.com,Marcy.Revkah@gmail.com,firefighter
1052,Arlina,Stanwood,Arlina.Stanwood@yopmail.com,Arlina.Stanwood@gmail.com,firefighter
1053,Ermengarde,Gahl,Ermengarde.Gahl@yopmail.com,Ermengarde.Gahl@gmail.com,police officer
1054,Kara-Lynn,Milson,Kara-Lynn.Milson@yopmail.com,Kara-Lynn.Milson@gmail.com,doctor
1055,Tera,Tomasina,Tera.Tomasina@yopmail.com,Tera.Tomasina@gmail.com,developer
1056,Morganica,Whittaker,Morganica.Whittaker@yopmail.com,Morganica.Whittaker@gmail.com,worker
1057,Ariela,Arathorn,Ariela.Arathorn@yopmail.com,Ariela.Arathorn@gmail.com,police officer
1058,Korrie,Selway,Korrie.Selway@yopmail.com,Korrie.Selway@gmail.com,firefighter
1059,Janey,Bivins,Janey.Bivins@yopmail.com,Janey.Bivins@gmail.com,developer
1060,Evita,Erminia,Evita.Erminia@yopmail.com,Evita.Erminia@gmail.com,police officer
1061,Danika,Boycey,Danika.Boycey@yopmail.com,Danika.Boycey@gmail.com,doctor
1062,Orsola,Viddah,Orsola.Viddah@yopmail.com,Orsola.Viddah@gmail.com,police officer
1063,Alejandra,Toni,Alejandra.Toni@yopmail.com,Alejandra.Toni@gmail.com,police officer
1064,Vanessa,Niles,Vanessa.Niles@yopmail.com,Vanessa.Niles@gmail.com,developer
1065,Esmeralda,Magdalen,Esmeralda.Magdalen@yopmail.com,Esmeralda.Magdalen@gmail.com,firefighter
1066,Randa,Suanne,Randa.Suanne@yopmail.com,Randa.Suanne@gmail.com,firefighter
1067,Benita,Waldron,Benita.Waldron@yopmail.com,Benita.Waldron@gmail.com,worker
1068,Sue,Reinke,Sue.Reinke@yopmail.com,Sue.Reinke@gmail.com,firefighter
1069,Malina,Oster,Malina.Oster@yopmail.com,Malina.Oster@gmail.com,worker
1070,Corina,Isacco,Corina.Isacco@yopmail.com,Corina.Isacco@gmail.com,developer
1071,Emmey,Dannye,Emmey.Dannye@yopmail.com,Emmey.Dannye@gmail.com,firefighter
1072,Elka,Roxanna,Elka.Roxanna@yopmail.com,Elka.Roxanna@gmail.com,worker
1073,Carree,Rosette,Carree.Rosette@yopmail.com,Carree.Rosette@gmail.com,doctor
1074,Bee,Goth,Bee.Goth@yopmail.com,Bee.Goth@gmail.com,worker
1075,Harmonia,Seligman,Harmonia.Seligman@yopmail.com,Harmonia.Seligman@gmail.com,firefighter
1076,Carol-Jean,Lasley,Carol-Jean.Lasley@yopmail.com,Carol-Jean.Lasley@gmail.com,developer
1077,Amelia,Baylor,Amelia.Baylor@yopmail.com,Amelia.Baylor@gmail.com,firefighter
1078,Rhoda,Loleta,Rhoda.Loleta@yopmail.com,Rhoda.Loleta@gmail.com,developer
1079,Pearline,Natica,Pearline.Natica@yopmail.com,Pearline.Natica@gmail.com,worker
1080,Constance,Dalli,Constance.Dalli@yopmail.com,Constance.Dalli@gmail.com,worker
1081,Marcy,Dimitris,Marcy.Dimitris@yopmail.com,Marcy.Dimitris@gmail.com,developer
1082,Carlie,Flyn,Carlie.Flyn@yopmail.com,Carlie.Flyn@gmail.com,developer
1083,Tilly,Nikaniki,Tilly.Nikaniki@yopmail.com,Tilly.Nikaniki@gmail.com,police officer
1084,Cassandra,Bates,Cassandra.Bates@yopmail.com,Cassandra.Bates@gmail.com,doctor
1085,Alameda,Gilbertson,Alameda.Gilbertson@yopmail.com,Alameda.Gilbertson@gmail.com,developer
1086,Lizzie,Hazlett,Lizzie.Hazlett@yopmail.com,Lizzie.Hazlett@gmail.com,doctor
1087,Sheree,Olympium,Sheree.Olympium@yopmail.com,Sheree.Olympium@gmail.com,doctor
1088,Juliane,Heisel,Juliane.Heisel@yopmail.com,Juliane.Heisel@gmail.com,doctor
1089,Mara,Sherrie,Mara.Sherrie@yopmail.com,Mara.Sherrie@gmail.com,worker
1090,Amalie,Kylander,Amalie.Kylander@yopmail.com,Amalie.Kylander@gmail.com,firefighter
1091,Flo,Seumas,Flo.Seumas@yopmail.com,Flo.Seumas@gmail.com,doctor
1092,Nanete,Gaulin,Nanete.Gaulin@yopmail.com,Nanete.Gaulin@gmail.com,doctor
1093,Trixi,Pettiford,Trixi.Pettiford@yopmail.com,Trixi.Pettiford@gmail.com,doctor
1094,Dacia,Fiester,Dacia.Fiester@yopmail.com,Dacia.Fiester@gmail.com,firefighter
1095,Camile,Ferino,Camile.Ferino@yopmail.com,Camile.Ferino@gmail.com,firefighter
1096,Susan,Iphlgenia,Susan.Iphlgenia@yopmail.com,Susan.Iphlgenia@gmail.com,developer
1097,Zaria,Kiyoshi,Zaria.Kiyoshi@yopmail.com,Zaria.Kiyoshi@gmail.com,developer
1098,Dyann,Martguerita,Dyann.Martguerita@yopmail.com,Dyann.Martguerita@gmail.com,firefighter
1099,Andeee,Nedrud,Andeee.Nedrud@yopmail.com,Andeee.Nedrud@gmail.com,police officer
